county Name,01,02,03,04,05,06,07,08,09,10,11,12
Ada,73.0,74.89655172413794,56.32258064516129,46.07142857142857,46.67741935483871,43.13333333333333,46.67741935483871,47.354838709677416,58.4,73.2258064516129,81.6,88.58064516129032
Adams,48.50819672131148,53.54385964912281,40.33898305084746,54.293103448275865,61.03333333333333,70.85964912280701,84.24193548387096,69.46428571428571,54.0,55.440677966101696,49.0,53.65384615384615
Addison,29.096774193548388,33.13793103448276,44.25806451612903,55.333333333333336,74.76666666666667,79.96666666666667,70.37037037037037,50.645161290322584,43.75,29.580645161290324,28.428571428571427,28.551724137931036
Aiken,4.4,0.6,2.84,,,,,,,,,
Alachua,19.846153846153847,21.93103448275862,22.357142857142858,,24.916666666666668,25.25,52.07142857142857,32.56,,,,
Alameda,63.70967741935484,50.58620689655172,37.25806451612903,42.96666666666667,39.29032258064516,37.666666666666664,55.61290322580645,40.903225806451616,50.1,93.35483870967742,63.46666666666667,65.80645161290323
Albany,,,,,,71.52941176470588,69.9090909090909,71.1,75.8125,70.03225806451613,71.41379310344827,95.7
Alexandria City,53.935483870967744,41.793103448275865,29.7,34.666666666666664,50.32258064516129,62.266666666666666,86.16129032258064,53.25806451612903,54.666666666666664,44.16129032258065,53.53333333333333,56.904761904761905
Alger,5.645161290322581,0.0,,,,,,,,,,
Allegany,53.125,45.5,19.25,22.964285714285715,22.45,1.5555555555555556,,40.53333333333333,35.083333333333336,61.22222222222222,13.380952380952381,48.18518518518518
Allegheny,124.45161290322581,130.3793103448276,111.83870967741936,110.66666666666667,117.58064516129032,128.4,151.06451612903226,138.7741935483871,111.56666666666666,130.38709677419354,123.7,132.0
Allen,16.423728813559322,28.225806451612904,34.67741935483871,54.43333333333333,42.638297872340424,74.125,116.0,77.80645161290323,52.03333333333333,29.65909090909091,33.483333333333334,20.526315789473685
Anchorage ,91.87096774193549,78.55172413793103,62.935483870967744,37.766666666666666,22.129032258064516,19.9,22.129032258064516,26.903225806451612,42.733333333333334,61.16129032258065,81.33333333333333,155.74193548387098
Anderson,51.83870967741935,80.82758620689656,56.38709677419355,51.03333333333333,36.41935483870968,50.5,65.09677419354838,62.74193548387097,52.3,46.774193548387096,48.56666666666667,63.70967741935484
Androscoggin,67.8,70.16666666666667,62.96153846153846,50.53333333333333,41.516129032258064,28.466666666666665,21.0,24.93548387096774,31.433333333333334,49.45161290322581,51.43333333333333,76.0
Anne Arundel,53.0,65.37931034482759,56.857142857142854,70.03571428571429,80.03448275862068,89.21428571428571,131.74193548387098,135.32258064516128,100.53333333333333,47.96774193548387,61.9,53.55172413793103
Anoka,22.93548387096774,29.93103448275862,38.0,47.43333333333333,68.29032258064517,49.7,66.29032258064517,70.25806451612904,25.166666666666668,23.48148148148148,15.1,
Arapahoe,33.903225806451616,31.586206896551722,30.70967741935484,38.9,41.6,52.07142857142857,54.96774193548387,52.689655172413794,48.93333333333333,39.6551724137931,34.869565217391305,34.38461538461539
Arlington,56.45161290322581,55.89655172413793,43.12903225806452,53.9,65.2258064516129,76.86666666666666,88.16129032258064,111.51612903225806,74.63333333333334,51.12903225806452,49.2,49.11538461538461
Aroostook,97.48387096774194,134.3793103448276,101.80645161290323,64.6,111.3225806451613,80.23333333333333,66.83870967741936,84.38709677419355,79.43333333333334,67.61290322580645,45.75,70.89285714285714
Ashtabula,53.354838709677416,56.10344827586207,54.193548387096776,61.166666666666664,68.64516129032258,83.63333333333334,90.54838709677419,78.61290322580645,58.7,37.0,50.333333333333336,47.29032258064516
Atlantic,68.51612903225806,70.61111111111111,62.25806451612903,60.89655172413793,104.74193548387096,88.03448275862068,116.3225806451613,125.96428571428571,72.67857142857143,44.13333333333333,46.791666666666664,40.77777777777778
Autauga,,,,71.55555555555556,66.75,83.73913043478261,153.0,85.72727272727273,6.071428571428571,35.516129032258064,29.633333333333333,24.533333333333335
Baldwin,,,,,,,8.0,8.5,14.478260869565217,35.833333333333336,27.0,22.107142857142858
Baltimore,44.96666666666667,38.0,36.13793103448276,54.25,79.6896551724138,109.07142857142857,140.1290322580645,135.5483870967742,109.44827586206897,41.16129032258065,43.96666666666667,52.483870967741936
Baltimore (City),47.3,51.03448275862069,58.357142857142854,69.96428571428571,84.36666666666666,101.66666666666667,139.8709677419355,93.29032258064517,97.11111111111111,58.96296296296296,93.4,81.37931034482759
Bannock,79.03225806451613,64.44827586206897,148.58064516129033,76.2,84.64516129032258,48.46666666666667,91.09677419354838,96.2258064516129,96.33333333333333,65.46666666666667,77.23333333333333,58.12903225806452
Bay,41.37096774193548,60.206896551724135,45.58064516129032,38.56666666666667,42.295081967213115,69.48333333333333,68.45161290322581,53.903225806451616,45.43333333333333,30.129032258064516,30.6,36.83870967741935
Bayamon,26.0,32.333333333333336,39.611111111111114,13.842105263157896,18.766666666666666,14.962962962962964,23.9,18.28,13.233333333333333,17.35,14.9,15.379310344827585
Beaufort,,,,22.75,12.133333333333333,13.571428571428571,4.862068965517241,14.964285714285714,78.7,64.58064516129032,66.76666666666667,74.20754716981132
Beaver,92.58064516129032,82.82758620689656,87.41935483870968,91.3103448275862,94.38709677419355,101.63333333333334,110.66666666666667,108.26666666666667,90.83333333333333,98.2258064516129,105.73333333333333,98.29032258064517
Bennington,31.387096774193548,38.172413793103445,22.75862068965517,18.0,,,,,9.366666666666667,13.548387096774194,24.866666666666667,34.5
Benton,86.96774193548387,92.10344827586206,106.6774193548387,81.8,80.96774193548387,95.66666666666667,70.64516129032258,53.54838709677419,89.7,78.80645161290323,74.1,80.66666666666667
Bergen,54.483870967741936,42.583333333333336,46.29032258064516,58.82142857142857,74.38709677419355,93.0,119.48387096774194,103.51724137931035,59.51851851851852,42.36666666666667,44.666666666666664,64.45
Berkeley,32.096774193548384,44.793103448275865,48.483870967741936,69.5,70.96666666666667,74.53333333333333,60.193548387096776,60.064516129032256,42.56666666666667,40.225806451612904,34.93333333333333,28.0
Berks,66.45161290322581,62.93103448275862,51.25806451612903,63.172413793103445,61.806451612903224,116.03333333333333,155.0,139.26666666666668,87.83333333333333,50.354838709677416,53.43333333333333,67.29032258064517
Berkshire,35.225806451612904,50.55,29.38095238095238,50.2,53.233333333333334,68.96153846153847,69.35483870967742,64.87096774193549,51.1,30.35483870967742,,40.25
Bernalillo,73.64516129032258,59.689655172413794,46.03225806451613,50.233333333333334,53.58064516129032,56.5,73.19354838709677,55.67741935483871,49.8,60.935483870967744,96.93333333333334,131.58064516129033
Bexar,37.89655172413793,49.51724137931034,46.32258064516129,75.16666666666667,74.70967741935483,53.93333333333333,57.16129032258065,46.41935483870968,53.63333333333333,62.806451612903224,49.4,41.54838709677419
Bibb,15.935483870967742,25.642857142857142,15.129032258064516,9.85,14.923076923076923,12.620689655172415,13.03448275862069,14.92,16.266666666666666,11.290322580645162,21.37037037037037,21.322580645161292
Billings,0.0,2.1538461538461537,0.2692307692307692,0.0,0.9259259259259259,1.0,1.8387096774193548,5.935483870967742,35.9,22.096774193548388,14.333333333333334,42.41935483870968
Black Hawk,8.291666666666666,11.03448275862069,13.076923076923077,,7.580645161290323,10.433333333333334,7.6,7.096774193548387,10.033333333333333,13.68421052631579,18.333333333333332,13.67741935483871
Blair,34.0,36.464285714285715,24.52,65.45454545454545,63.8,150.0,,19.666666666666668,30.6,31.4,30.75,38.5
Blount,61.43333333333333,70.22222222222223,76.6774193548387,56.92857142857143,53.07142857142857,66.17241379310344,46.03225806451613,68.2,30.466666666666665,34.63157894736842,62.172413793103445,57.833333333333336
Blue Earth,,,,43.22222222222222,71.4,64.63333333333334,67.54838709677419,45.1,22.93103448275862,16.1,,
Boone,69.54838709677419,66.82758620689656,45.645161290322584,51.63333333333333,80.96774193548387,109.33333333333333,82.61290322580645,75.90322580645162,66.5,65.54838709677419,58.766666666666666,61.03225806451613
Bossier,,,,,,,,,,48.0,35.21052631578947,40.19230769230769
Boulder,50.758620689655174,42.285714285714285,29.866666666666667,37.266666666666666,34.903225806451616,37.1,32.54838709677419,26.166666666666668,32.5,31.310344827586206,29.464285714285715,37.4
Boyd,60.935483870967744,51.758620689655174,54.193548387096776,65.0,73.6774193548387,49.25,62.54838709677419,67.41935483870968,45.766666666666666,41.225806451612904,41.0,43.32258064516129
Boyle,,,17.055555555555557,15.75,20.666666666666668,35.16,46.4,34.15384615384615,16.5,12.758620689655173,,
Branch,34.354838709677416,25.321428571428573,41.516129032258064,26.333333333333332,45.793103448275865,36.48,42.925925925925924,30.161290322580644,40.25925925925926,45.107142857142854,30.26086956521739,39.55555555555556
Brazoria,21.136363636363637,28.76923076923077,31.821428571428573,53.0,68.66666666666667,26.321428571428573,17.5,19.0,30.3,47.86666666666667,36.54545454545455,39.36666666666667
Brevard,16.032258064516128,23.647058823529413,7.1875,,5.413793103448276,3.269230769230769,2.4838709677419355,4.903225806451613,2.2413793103448274,3.129032258064516,4.3,6.033333333333333
Bristol,49.12903225806452,59.0,34.806451612903224,62.56666666666667,63.70967741935484,71.96666666666667,107.96774193548387,77.06451612903226,56.56666666666667,49.645161290322584,67.43333333333334,57.096774193548384
Bristol City,39.4,49.48148148148148,24.392857142857142,20.633333333333333,13.32258064516129,15.033333333333333,17.93548387096774,10.387096774193548,12.285714285714286,22.612903225806452,35.5,43.354838709677416
Bronx,83.64516129032258,86.95833333333333,67.8,63.41379310344828,46.74193548387097,41.266666666666666,44.241379310344826,43.354838709677416,32.0,41.80769230769231,67.5,83.19354838709677
Brooke,,,,69.88,112.95238095238095,126.24,,,,,,
Broome,50.58064516129032,54.42857142857143,44.67741935483871,42.7,62.064516129032256,62.86666666666667,70.29032258064517,70.19354838709677,49.03333333333333,34.83870967741935,43.63333333333333,42.29032258064516
Broward,66.48387096774194,49.48275862068966,72.03225806451613,95.4,84.0,63.833333333333336,57.12903225806452,39.45161290322581,32.86666666666667,51.67741935483871,47.666666666666664,42.74193548387097
Brown,133.6451612903226,137.06896551724137,127.19354838709677,93.7,132.32258064516128,115.1,131.74193548387098,137.03225806451613,143.26666666666668,136.09677419354838,117.0,116.38709677419355
Bucks,53.12903225806452,60.689655172413794,54.4,67.39285714285714,79.96666666666667,136.92307692307693,117.69565217391305,147.86666666666667,79.46666666666667,54.96666666666667,50.3,63.8
Buffalo,35.774193548387096,39.37931034482759,41.29032258064516,33.43333333333333,39.25806451612903,33.63333333333333,40.193548387096776,44.354838709677416,33.96666666666667,18.870967741935484,21.083333333333332,
Bullitt,,,,,,,,,,28.586206896551722,23.482758620689655,36.45161290322581
Buncombe,,,,72.54166666666667,97.51612903225806,66.48275862068965,71.57894736842105,36.96153846153846,16.44,12.25,,
Burlington,66.51612903225806,59.94444444444444,59.3448275862069,62.785714285714285,94.74193548387096,110.82142857142857,154.03225806451613,127.75862068965517,94.3103448275862,55.3,54.78260869565217,73.33333333333333
Butler,36.16129032258065,59.793103448275865,54.096774193548384,67.43333333333334,70.35483870967742,74.43396226415095,95.48387096774194,76.51612903225806,57.0,38.724137931034484,50.86666666666667,63.18333333333333
Butte,34.516129032258064,33.41379310344828,30.419354838709676,31.866666666666667,37.41935483870968,37.766666666666666,49.83870967741935,67.87096774193549,49.3,36.888888888888886,30.3,42.38709677419355
Calcasieu,23.4,32.58620689655172,29.25925925925926,48.63333333333333,42.806451612903224,31.75,66.14285714285714,27.3,34.59090909090909,94.125,,
Calhoun,9.35483870967742,7.482758620689655,2.5806451612903225,13.533333333333333,5.730769230769231,10.89655172413793,6.444444444444445,8.935483870967742,9.233333333333333,5.967741935483871,1.3,5.516129032258065
Calloway,,36.5,31.636363636363637,55.6551724137931,70.28571428571429,89.55172413793103,113.6470588235294,89.75,39.142857142857146,39.07142857142857,72.5,
Cambria,79.16666666666667,92.48148148148148,71.12903225806451,94.17241379310344,98.36666666666666,124.23076923076923,140.46666666666667,103.24137931034483,78.13793103448276,64.7,61.37931034482759,68.13333333333334
Camden,70.93548387096774,50.8421052631579,58.16129032258065,76.20689655172414,101.03225806451613,112.17241379310344,138.03225806451613,130.58620689655172,81.0,49.9,50.25,73.25
Cameron,25.107142857142858,28.75,,,,,,,,,,
Campbell,93.29032258064517,83.37931034482759,51.064516129032256,56.13333333333333,75.06451612903226,91.23333333333333,113.06451612903226,79.54838709677419,72.76666666666667,65.16129032258064,57.833333333333336,45.96774193548387
Cape May,,27.0,35.83870967741935,39.107142857142854,102.20689655172414,92.11538461538461,91.75,100.9090909090909,67.5925925925926,42.25,29.22222222222222,32.75
Caribou,90.45161290322581,102.06896551724138,69.25,59.56666666666667,78.7741935483871,120.35714285714286,109.54838709677419,100.87096774193549,89.1,104.48387096774194,104.16666666666667,94.7741935483871
Carroll,69.15384615384616,60.25925925925926,42.458333333333336,55.0,,,,51.354838709677416,52.36666666666667,81.80645161290323,64.58333333333333,55.45161290322581
Cascade,12.64516129032258,23.79310344827586,21.903225806451612,,11.290322580645162,77.56666666666666,70.29032258064517,37.064516129032256,34.8,30.64516129032258,41.86666666666667,39.806451612903224
Cass,,,,,72.94117647058823,74.3913043478261,89.20833333333333,48.193548387096776,32.06666666666667,25.870967741935484,25.5,
Cecil,,,,,,96.94736842105263,121.875,118.1923076923077,106.57142857142857,,,
Champaign,12.548387096774194,22.857142857142858,25.2,,57.43478260869565,59.793103448275865,62.625,54.10344827586207,31.51851851851852,25.666666666666668,16.761904761904763,11.607142857142858
Charleston,26.666666666666668,39.96551724137931,14.11111111111111,16.666666666666668,16.0,,,,69.41666666666667,,17.566666666666666,19.14814814814815
Charlevoix,1.8064516129032258,1.4827586206896552,3.193548387096774,5.0,2.6774193548387095,1.1304347826086956,4.258064516129032,3.5483870967741935,8.633333333333333,3.032258064516129,6.066666666666666,5.258064516129032
Chatham,18.791666666666668,36.96551724137931,15.9,37.41379310344828,25.225806451612904,20.633333333333333,18.580645161290324,12.580645161290322,18.76923076923077,20.93548387096774,18.933333333333334,30.857142857142858
Chautauqua,98.26666666666667,86.82142857142857,64.58064516129032,87.03571428571429,63.52173913043478,63.96666666666667,66.83870967741936,63.67741935483871,75.6,91.26666666666667,75.17241379310344,62.1764705882353
Chemung,32.32258064516129,36.82142857142857,36.16129032258065,39.51851851851852,59.0,61.166666666666664,50.53333333333333,48.38709677419355,40.3,22.193548387096776,27.333333333333332,39.63333333333333
Chesapeake City,55.48148148148148,47.833333333333336,45.67741935483871,67.58333333333333,89.41935483870968,113.86666666666666,71.12903225806451,79.45161290322581,67.76666666666667,31.35483870967742,57.8,63.206896551724135
Cheshire,50.32258064516129,58.17857142857143,38.93333333333333,33.93333333333333,24.419354838709676,27.3,27.258064516129032,30.096774193548388,34.233333333333334,45.70967741935484,56.285714285714285,65.0
Chester,,,56.107142857142854,88.8,103.13333333333334,87.44,88.15384615384616,88.82142857142857,76.7,42.291666666666664,34.2,26.129032258064516
Chesterfield,,,,71.63636363636364,74.70370370370371,93.25925925925925,98.26666666666667,88.48387096774194,68.46666666666667,,,
Chippewa,25.64516129032258,35.13793103448276,42.064516129032256,48.36666666666667,64.61290322580645,44.8,57.32,43.45161290322581,30.766666666666666,27.29032258064516,21.433333333333334,
Chittenden,32.67741935483871,35.03448275862069,29.0,20.233333333333334,12.548387096774194,40.56666666666667,47.806451612903224,40.806451612903224,39.13333333333333,22.806451612903224,19.766666666666666,38.87096774193548
Citrus,22.258064516129032,19.275862068965516,15.838709677419354,37.666666666666664,34.45161290322581,52.689655172413794,35.357142857142854,23.870967741935484,13.214285714285714,14.535714285714286,5.4,10.290322580645162
Clackamas,24.677419354838708,25.689655172413794,27.612903225806452,39.833333333333336,32.58064516129032,23.733333333333334,41.45161290322581,31.903225806451612,27.8,26.258064516129032,13.866666666666667,14.741935483870968
Clallam,58.8,79.29629629629629,59.0,150.375,113.64516129032258,118.16666666666667,143.48387096774192,146.74193548387098,112.14285714285714,94.63333333333334,64.62068965517241,66.06896551724138
Clark,54.74193548387097,50.95238095238095,46.25714285714286,47.57,53.73033707865169,68.48717948717949,83.61290322580645,74.26717557251908,61.64,63.55263157894737,60.1140350877193,66.44827586206897
Clay,50.064516129032256,49.206896551724135,44.45161290322581,77.33333333333333,63.645161290322584,77.06666666666666,134.96774193548387,112.61290322580645,68.8,77.70967741935483,68.33333333333333,51.83870967741935
Clermont,13.642857142857142,12.931034482758621,20.612903225806452,41.63333333333333,54.064516129032256,77.4,99.83870967741936,87.41935483870968,60.93333333333333,47.096774193548384,45.333333333333336,51.12903225806452
Cleveland,8.947368421052632,11.96,29.642857142857142,23.23076923076923,27.0,61.56666666666667,83.3225806451613,62.46666666666667,51.833333333333336,43.74193548387097,32.37931034482759,20.38095238095238
Clinton,20.822580645161292,28.454545454545453,31.69090909090909,45.916666666666664,75.83333333333333,80.22222222222223,98.33333333333333,76.46,42.65384615384615,27.884615384615383,,21.8
Cochise,125.12903225806451,102.65517241379311,117.2258064516129,100.4,170.19354838709677,169.73333333333332,77.08333333333333,52.45161290322581,43.9,83.3225806451613,115.83333333333333,132.83870967741936
Cocke,56.645161290322584,46.206896551724135,42.96,44.2,43.67741935483871,39.035714285714285,29.419354838709676,42.096774193548384,46.107142857142854,53.54838709677419,52.904761904761905,70.25806451612904
Coconino,27.962962962962962,33.1,22.46153846153846,,46.76923076923077,61.8,51.5,47.8421052631579,43.89655172413793,31.363636363636363,22.32,35.53846153846154
Colbert,61.903225806451616,86.62068965517241,73.87096774193549,65.1,72.3225806451613,83.93333333333334,63.903225806451616,71.90322580645162,105.26666666666667,,,
Colleton,,,,33.5,39.5,42.208333333333336,36.370370370370374,41.72,39.3,40.733333333333334,,
Columbia,44.0,63.689655172413794,91.54838709677419,99.27586206896552,100.96774193548387,60.266666666666666,49.0,25.962962962962962,33.61666666666667,25.25423728813559,21.0,31.967741935483872
Columbiana,46.291666666666664,52.37931034482759,51.416666666666664,101.3103448275862,109.29032258064517,89.65217391304348,85.12,81.82142857142857,104.41379310344827,86.16129032258064,97.2,
Columbus,27.6,49.74074074074074,28.225806451612904,10.566666666666666,8.368421052631579,10.722222222222221,26.333333333333332,18.130434782608695,31.210526315789473,66.0,26.76923076923077,71.04761904761905
Colusa,,,,,,,,,,,,18.967741935483872
Contra Costa,62.25806451612903,52.6551724137931,47.096774193548384,49.666666666666664,47.064516129032256,45.733333333333334,68.54838709677419,45.03225806451613,56.8,79.12903225806451,75.0,75.12903225806451
Cook,80.6774193548387,89.03448275862068,87.09677419354838,94.5,115.70967741935483,116.9,132.19354838709677,121.51612903225806,92.43333333333334,94.90322580645162,92.56666666666666,82.12903225806451
Coos,125.93103448275862,151.25,145.80645161290323,118.33333333333333,115.74193548387096,99.1,95.48387096774194,105.58064516129032,112.33333333333333,95.29032258064517,106.93333333333334,115.90322580645162
Coshocton,,,47.833333333333336,52.44444444444444,43.45454545454545,34.333333333333336,,,,,,
Coweta,48.5,47.58620689655172,29.275862068965516,30.818181818181817,36.785714285714285,63.86363636363637,31.433333333333334,22.363636363636363,26.153846153846153,26.296296296296298,38.92307692307692,65.54545454545455
Cowlitz,13.178571428571429,20.4,15.870967741935484,11.588235294117647,9.275862068965518,19.833333333333332,7.709677419354839,14.612903225806452,23.321428571428573,19.774193548387096,17.576923076923077,20.681818181818183
Crawford,57.083333333333336,63.10344827586207,49.806451612903224,68.8,54.74193548387097,72.82142857142857,95.29032258064517,82.38709677419355,52.13333333333333,62.45161290322581,61.3,34.03333333333333
Crittenden,30.862068965517242,38.793103448275865,27.333333333333332,,,,27.870967741935484,13.290322580645162,33.53333333333333,20.451612903225808,8.647058823529411,22.0
Crook,34.21052631578947,36.4,41.32258064516129,44.65384615384615,43.806451612903224,39.333333333333336,51.266666666666666,53.84615384615385,43.4,37.47826086956522,32.8,30.033333333333335
Cumberland,49.78688524590164,59.891304347826086,55.645161290322584,47.08620689655172,62.32258064516129,83.91228070175438,92.04838709677419,75.21666666666667,42.92857142857143,51.49180327868852,60.5945945945946,73.90322580645162
Custer,24.741935483870968,4.0,3.0,,,,,,,,,
Cuyahoga,76.16129032258064,76.27586206896552,67.61290322580645,60.0,64.61290322580645,62.666666666666664,62.483870967741936,58.45161290322581,78.8,74.61290322580645,78.63333333333334,84.16129032258064
Dakota,84.3225806451613,75.96551724137932,98.0,66.7,76.95,65.86666666666666,70.30909090909091,50.145161290322584,51.05,37.403225806451616,41.766666666666666,34.63934426229508
Dallas,25.612903225806452,42.48275862068966,48.733333333333334,78.76666666666667,72.54838709677419,93.43333333333334,129.06451612903226,71.64516129032258,57.06666666666667,61.41935483870968,45.233333333333334,44.87096774193548
Dane,17.620689655172413,50.892857142857146,34.88461538461539,53.7,73.03225806451613,62.43333333333333,77.29032258064517,66.7741935483871,53.9,56.32258064516129,66.1,65.45161290322581
Daniels,3.4827586206896552,5.666666666666667,,,3.774193548387097,0.0,0.7272727272727273,0.4666666666666667,1.2941176470588236,3.6129032258064515,7.827586206896552,5.645161290322581
Darlington,,,,103.875,98.3,105.86206896551724,81.84,83.46153846153847,72.79310344827586,46.32258064516129,43.75,
Dauphin,53.903225806451616,54.172413793103445,56.54838709677419,54.758620689655174,50.87096774193548,72.73333333333333,87.3,59.766666666666666,63.06666666666667,36.333333333333336,42.1,48.13793103448276
Davidson,65.25806451612904,65.51724137931035,53.54838709677419,49.13333333333333,60.96774193548387,58.4,70.93548387096774,78.38709677419355,45.13333333333333,56.516129032258064,66.1,69.45161290322581
Daviess,60.37096774193548,77.6842105263158,60.30357142857143,64.33333333333333,65.92857142857143,76.69642857142857,74.20689655172414,54.645161290322584,53.03333333333333,41.516129032258064,34.36585365853659,36.18181818181818
Davis,66.96774193548387,82.96551724137932,53.87096774193548,52.6,47.354838709677416,53.56666666666667,56.32258064516129,74.96774193548387,59.5,74.0,73.06666666666666,95.25806451612904
DeKalb,13.0,27.928571428571427,27.137931034482758,52.0,47.724137931034484,60.44827586206897,90.81481481481481,93.04347826086956,53.96551724137931,27.333333333333332,8.807692307692308,12.482758620689655
DeSoto,21.806451612903224,35.69565217391305,35.41379310344828,59.724137931034484,70.12903225806451,79.375,99.39285714285714,83.2,73.3,36.08,29.79310344827586,23.225806451612904
Dearborn,91.19354838709677,80.58620689655173,71.16129032258064,75.8,67.87096774193549,,,,96.63333333333334,83.29032258064517,77.63333333333334,78.3225806451613
Deer Lodge,171.4516129032258,114.85185185185185,71.61290322580645,140.53333333333333,163.03225806451613,160.76666666666668,0.0,19.448275862068964,14.066666666666666,14.580645161290322,31.74074074074074,9.692307692307692
Delaware,60.45161290322581,59.63265306122449,55.41860465116279,53.97872340425532,61.806451612903224,67.63636363636364,99.38461538461539,79.6896551724138,53.91525423728814,47.32258064516129,56.44444444444444,60.666666666666664
Denver,119.41935483870968,102.37931034482759,85.45161290322581,84.53333333333333,79.0,96.35714285714286,108.58064516129032,88.65517241379311,95.83333333333333,107.79310344827586,117.1304347826087,112.88461538461539
District of Columbia,64.54838709677419,56.41379310344828,47.12903225806452,41.53333333333333,64.3225806451613,98.0,138.06451612903226,125.29032258064517,92.46666666666667,63.0,76.36666666666666,81.83870967741936
Dona Ana,73.25806451612904,63.724137931034484,82.70967741935483,97.2,77.51612903225806,92.7,53.38709677419355,35.0,38.93333333333333,41.483870967741936,42.666666666666664,77.61290322580645
Douglas,52.774193548387096,48.55172413793103,61.16129032258065,39.644444444444446,53.9,65.08928571428571,91.98275862068965,78.5,71.75,48.37777777777778,46.2,27.419354838709676
DuPage,10.161290322580646,16.551724137931036,20.5,31.0,41.935483870967744,40.3448275862069,59.43333333333333,42.333333333333336,27.862068965517242,20.933333333333334,,
Dubuque,60.096774193548384,77.96551724137932,61.096774193548384,47.233333333333334,32.67741935483871,31.96551724137931,31.903225806451612,38.3,35.166666666666664,38.516129032258064,44.36666666666667,47.96774193548387
Dunn,17.241935483870968,28.369565217391305,41.66129032258065,56.56666666666667,75.40322580645162,60.234042553191486,42.38095238095238,36.0,35.583333333333336,31.483870967741936,11.068181818181818,1.2903225806451613
Durham,66.41935483870968,46.74074074074074,47.56521739130435,50.86666666666667,46.32,41.172413793103445,43.8,37.733333333333334,64.96428571428571,56.142857142857146,63.833333333333336,68.48275862068965
Dutchess,34.45161290322581,42.67857142857143,43.54838709677419,35.206896551724135,38.225806451612904,51.2,63.32258064516129,50.61290322580645,38.666666666666664,36.5,40.214285714285715,71.12903225806451
Duval,77.70967741935483,70.06896551724138,65.45161290322581,97.3,93.3225806451613,86.9,69.0,74.03225806451613,73.93333333333334,67.93548387096774,68.06666666666666,76.29032258064517
East Baton Rouge,22.580645161290324,27.692307692307693,27.84,52.5,48.241379310344826,72.44,93.4,60.416666666666664,74.73076923076923,74.41935483870968,52.2,58.806451612903224
Eaton,24.451612903225808,26.551724137931036,27.161290322580644,21.2,27.2,32.375,39.12903225806452,26.032258064516128,29.045454545454547,25.774193548387096,27.766666666666666,30.032258064516128
Eau Claire,20.419354838709676,20.862068965517242,23.967741935483872,9.785714285714286,13.0,7.931034482758621,11.538461538461538,14.709677419354838,15.733333333333333,15.451612903225806,22.5,
Ector,34.42307692307692,46.888888888888886,47.46666666666667,60.642857142857146,59.766666666666666,47.93103448275862,68.24137931034483,42.04761904761905,42.18518518518518,41.63333333333333,33.19230769230769,37.48
Edgefield,,,,84.6842105263158,97.18518518518519,91.86666666666666,84.17241379310344,79.75,52.724137931034484,45.18181818181818,,27.892857142857142
El Dorado,70.73333333333333,67.51724137931035,45.645161290322584,48.03333333333333,37.903225806451616,39.333333333333336,42.774193548387096,70.38709677419355,51.766666666666666,76.25806451612904,62.7,83.3225806451613
El Paso,84.01666666666667,89.84482758620689,61.93333333333333,64.8135593220339,80.80645161290323,69.77586206896552,66.78333333333333,62.101694915254235,69.94915254237289,67.68333333333334,74.51724137931035,91.28333333333333
Emery,17.161290322580644,20.75862068965517,21.548387096774192,15.033333333333333,9.935483870967742,16.433333333333334,19.64516129032258,22.161290322580644,28.933333333333334,20.689655172413794,24.466666666666665,15.96774193548387
Erie,71.8225806451613,82.46428571428571,84.36666666666666,90.15789473684211,127.93548387096774,119.91525423728814,113.0909090909091,101.22950819672131,80.78333333333333,78.01639344262296,92.11666666666666,82.14516129032258
Escambia,78.25806451612904,101.37931034482759,102.83870967741936,100.43333333333334,76.48387096774194,80.93333333333334,87.83870967741936,58.74193548387097,59.233333333333334,75.38709677419355,64.63333333333334,75.03225806451613
Essex,47.06521739130435,45.41428571428571,55.10989010989011,58.379746835443036,72.6774193548387,95.76744186046511,94.57303370786516,86.79310344827586,56.235955056179776,43.57471264367816,44.0,55.68493150684932
Fairbanks North Star ,78.23333333333333,69.79310344827586,43.806451612903224,23.8,22.903225806451612,18.033333333333335,17.555555555555557,22.566666666666666,29.333333333333332,60.607142857142854,88.27586206896552,104.74193548387096
Fairfax,71.6774193548387,64.20689655172414,53.225806451612904,62.766666666666666,63.96774193548387,75.36666666666666,113.90322580645162,101.93548387096774,80.0,49.903225806451616,55.3,61.45161290322581
Fairfax City,48.74193548387097,41.48275862068966,30.387096774193548,40.03333333333333,57.16129032258065,59.266666666666666,81.03225806451613,88.61290322580645,49.8,37.54838709677419,31.666666666666668,39.0
Fairfield,145.41935483870967,140.9655172413793,103.35483870967742,93.76666666666667,148.67741935483872,160.4,171.4516129032258,161.51612903225808,133.4,91.2258064516129,78.96666666666667,138.2258064516129
Fannin,,82.875,79.06896551724138,51.7,52.06896551724138,41.41379310344828,38.5,42.935483870967744,22.933333333333334,57.45161290322581,66.0,92.96774193548387
Fayette,48.41935483870968,56.96551724137931,43.774193548387096,48.56666666666667,76.48387096774194,88.53333333333333,94.70967741935483,71.96774193548387,55.53333333333333,45.25806451612903,38.4,38.935483870967744
Floyd,69.16129032258064,82.26923076923077,48.224489795918366,72.65789473684211,48.06666666666667,52.31666666666667,52.27777777777778,57.285714285714285,50.574074074074076,48.564516129032256,63.44827586206897,62.186440677966104
Forsyth,,34.72727272727273,25.884615384615383,25.82758620689655,24.70967741935484,25.678571428571427,22.967741935483872,27.733333333333334,54.81481481481482,30.838709677419356,28.035714285714285,30.37037037037037
Fountain,60.666666666666664,61.96296296296296,72.75862068965517,50.458333333333336,52.583333333333336,89.11764705882354,,,,43.72222222222222,40.92857142857143,53.035714285714285
Franklin,91.41935483870968,70.75862068965517,79.38709677419355,63.266666666666666,77.7741935483871,88.43333333333334,84.59016393442623,69.24193548387096,70.0,61.16129032258065,60.294117647058826,44.166666666666664
Frederick,,,,,,87.0,67.96428571428571,77.96428571428571,74.28,36.08,20.22222222222222,14.2
Fredericksburg City,,,,32.083333333333336,41.3,57.4,72.58064516129032,63.67741935483871,47.36666666666667,,,
Fresno,59.096774193548384,67.65517241379311,62.935483870967744,78.8,100.3225806451613,94.93333333333334,153.38709677419354,158.80645161290323,136.73333333333332,130.96774193548387,126.1,92.29032258064517
Fulton,57.45161290322581,56.86206896551724,45.67741935483871,49.56666666666667,50.0,57.43333333333333,63.516129032258064,58.32258064516129,54.53333333333333,66.96774193548387,66.96666666666667,87.09677419354838
Gadsden,16.387096774193548,41.86206896551724,27.193548387096776,12.966666666666667,8.806451612903226,27.566666666666666,,,,,,
Galveston,46.354838709677416,41.607142857142854,36.75,72.12,90.60714285714286,71.18518518518519,53.5,91.75,92.18518518518519,81.4,33.241379310344826,44.193548387096776
Garvin,,,16.741935483870968,22.533333333333335,15.483870967741936,20.63157894736842,3.533333333333333,1.1,0.7272727272727273,2.8620689655172415,,1.0
Genesee,20.333333333333332,32.827586206896555,29.29032258064516,29.166666666666668,55.903225806451616,53.666666666666664,65.90322580645162,55.96774193548387,37.0,27.032258064516128,28.4,34.12903225806452
Georgetown,1.3333333333333333,,12.0,28.1,18.766666666666666,27.181818181818183,1.5,0.0,0.56,8.833333333333334,25.88235294117647,19.72
Gibson,63.875,65.88888888888889,58.69230769230769,41.608695652173914,31.0,46.285714285714285,,,,,,
Gila,178.25806451612902,176.89655172413794,152.2258064516129,174.06666666666666,169.93548387096774,182.53333333333333,6.870967741935484,0.0,83.83333333333333,145.48387096774192,163.46666666666667,181.8709677419355
Giles,24.0,41.6551724137931,48.096774193548384,88.42857142857143,87.38709677419355,94.86666666666666,97.19354838709677,57.12903225806452,37.233333333333334,34.67741935483871,29.52,24.258064516129032
Glenn,23.387096774193548,30.551724137931036,34.903225806451616,41.56666666666667,60.827586206896555,52.08,79.93548387096774,83.58064516129032,65.76666666666667,41.8,23.533333333333335,15.64516129032258
Gloucester,80.3225806451613,88.61538461538461,,,,,,,,,,
Glynn,16.733333333333334,15.758620689655173,14.862068965517242,16.62962962962963,10.451612903225806,12.0,14.0,,,,12.1,14.789473684210526
Grand,3.3793103448275863,3.3793103448275863,0.0,,,,,,,,,
Grant,45.96774193548387,53.264367816091955,34.529411764705884,53.54838709677419,55.641975308641975,45.28813559322034,24.58730158730159,20.951612903225808,41.160919540229884,50.13953488372093,61.416666666666664,54.69879518072289
Granville,,,41.6,78.60714285714286,103.44827586206897,106.81818181818181,123.74193548387096,141.53571428571428,102.32142857142857,60.42857142857143,,
Gratiot,39.96774193548387,55.275862068965516,39.064516129032256,46.9,38.935483870967744,33.724137931034484,41.83870967741935,39.12,28.5,28.483870967741936,37.43333333333333,28.161290322580644
Greenbrier,,,,,,,66.7,73.2258064516129,68.18181818181819,,,
Greene,36.83870967741935,35.172413793103445,47.38709677419355,29.333333333333332,13.32258064516129,52.9,73.83870967741936,89.64516129032258,78.06666666666666,36.54838709677419,41.333333333333336,57.16129032258065
Greenlee,156.80645161290323,162.55172413793105,133.09677419354838,166.5,177.41935483870967,153.23333333333332,78.58064516129032,62.58064516129032,30.433333333333334,143.38709677419354,187.13333333333333,193.38709677419354
Greenville,20.291666666666668,34.36842105263158,38.0,76.14814814814815,99.58064516129032,87.13333333333334,89.0,90.2,55.53333333333333,36.645161290322584,42.0,49.96774193548387
Gregg,37.48275862068966,42.03846153846154,57.07692307692308,28.26923076923077,43.0,68.64285714285714,74.92592592592592,66.72413793103448,62.857142857142854,48.22222222222222,48.0,44.51851851851852
Guayama,16.454545454545453,10.96551724137931,27.862068965517242,17.916666666666668,7.125,11.333333333333334,15.304347826086957,24.0,18.666666666666668,0.8,12.6,17.333333333333332
Guayanilla,,,,,,,,,100.0,93.87096774193549,115.63333333333334,86.03333333333333
Guaynabo,53.62068965517241,62.03703703703704,98.58333333333333,55.04761904761905,32.58064516129032,42.275862068965516,55.06666666666667,59.142857142857146,36.47826086956522,19.105263157894736,36.36363636363637,21.517241379310345
Guilford,,,5.0,11.266666666666667,29.466666666666665,81.17241379310344,86.9,98.44827586206897,68.13793103448276,39.5625,,
Hamilton,52.10112359550562,72.48275862068965,66.3913043478261,66.66292134831461,76.13333333333334,91.82352941176471,120.3,102.62903225806451,81.4,57.71590909090909,59.23529411764706,52.54545454545455
Hampden,64.45161290322581,66.96551724137932,57.74193548387097,53.06666666666667,57.516129032258064,78.06666666666666,104.3225806451613,70.0,70.36666666666666,63.70967741935484,41.13333333333333,62.935483870967744
Hampton City,49.516129032258064,54.642857142857146,41.32258064516129,57.2,78.51612903225806,91.43333333333334,106.12903225806451,82.80645161290323,67.0,43.806451612903224,51.53333333333333,55.13793103448276
Hancock,62.03636363636364,72.07142857142857,57.04255319148936,73.92,135.8421052631579,90.37037037037037,121.06666666666666,52.90909090909091,31.75862068965517,37.14754098360656,42.256410256410255,33.583333333333336
Hanover,,,,,,,,,65.16666666666667,26.0,19.166666666666668,14.161290322580646
Hardin,,,33.0,49.407407407407405,37.483870967741936,59.733333333333334,82.78260869565217,57.93333333333333,46.9,30.870967741935484,,
Harford,,,34.55555555555556,51.464285714285715,75.8125,65.32,134.4,87.18518518518519,67.6923076923077,18.36842105263158,13.791666666666666,15.625
Harris,92.54838709677419,83.34482758620689,91.3225806451613,102.53333333333333,136.8709677419355,102.33333333333333,142.58064516129033,107.07142857142857,133.5,126.70967741935483,88.5,82.54838709677419
Harrison,7.866666666666666,,,,6.0,31.51851851851852,29.275862068965516,33.5,10.862068965517242,13.5,5.074074074074074,21.17391304347826
Hartford,59.67741935483871,65.79310344827586,54.483870967741936,52.333333333333336,64.25806451612904,89.6,119.51612903225806,98.96774193548387,78.33333333333333,59.0,63.56666666666667,79.2258064516129
Hawkins,54.354838709677416,105.75862068965517,88.61290322580645,120.73333333333333,127.0,,133.76666666666668,133.80645161290323,105.53333333333333,124.70967741935483,99.3,101.35483870967742
Henderson,83.16129032258064,61.48275862068966,63.29032258064516,68.26666666666667,67.87096774193549,76.03333333333333,76.6774193548387,59.774193548387096,68.9,46.25,40.63333333333333,40.064516129032256
Hennepin,68.38709677419355,67.24137931034483,57.645161290322584,58.333333333333336,66.53571428571429,64.83333333333333,58.96774193548387,73.09677419354838,51.06666666666667,55.935483870967744,64.27586206896552,60.58064516129032
Henrico,15.709677419354838,27.103448275862068,33.45161290322581,51.4,64.0,79.23333333333333,96.41935483870968,88.12903225806451,71.14285714285714,31.774193548387096,47.3,46.61290322580645
Hidalgo,82.04545454545455,29.916666666666668,59.87096774193548,38.0,50.096774193548384,48.13333333333333,43.63333333333333,40.6551724137931,33.3448275862069,26.06451612903226,37.06666666666667,43.03225806451613
Hillsborough,87.64516129032258,87.53448275862068,78.16129032258064,83.85,78.01612903225806,77.73333333333333,83.96774193548387,86.12903225806451,77.7,74.1774193548387,77.95,85.5
Hinds,26.516129032258064,37.58620689655172,37.645161290322584,57.93333333333333,69.0,70.93333333333334,87.45161290322581,58.45161290322581,60.53333333333333,46.96774193548387,38.96666666666667,34.483870967741936
Hocking,,,,,,,,69.16129032258064,56.266666666666666,,,
Holmes,1.967741935483871,6.586206896551724,1.3870967741935485,1.7,1.064516129032258,1.8333333333333333,,,,,,
Honolulu,7.866666666666666,11.892857142857142,25.870967741935484,20.448275862068964,20.741935483870968,23.633333333333333,15.548387096774194,18.612903225806452,14.3,21.06451612903226,13.071428571428571,7.838709677419355
Hopewell City,69.34482758620689,63.55172413793103,66.19354838709677,63.03333333333333,53.32258064516129,61.93333333333333,48.96774193548387,65.89285714285714,59.92857142857143,53.148148148148145,70.34482758620689,55.096774193548384
Hopkins,,,,63.666666666666664,57.12903225806452,64.0,76.84210526315789,58.333333333333336,31.083333333333332,37.23076923076923,25.625,
Horry,,,,70.04347826086956,76.11111111111111,71.0,56.75,54.56666666666667,46.166666666666664,31.41176470588235,29.5,
Houston,64.58064516129032,75.6896551724138,62.93333333333333,55.8,62.29032258064516,75.73333333333333,48.833333333333336,52.03846153846154,50.56666666666667,65.29032258064517,65.06666666666666,71.70967741935483
Howard,31.23076923076923,51.64,28.0,24.384615384615383,22.806451612903224,20.8,18.066666666666666,20.75862068965517,50.666666666666664,24.31111111111111,24.470588235294116,28.25
Hudson,68.90322580645162,57.8125,63.935483870967744,61.48275862068966,79.54838709677419,78.37931034482759,101.86666666666666,106.375,73.13793103448276,55.80769230769231,38.65217391304348,62.666666666666664
Humphreys,97.45161290322581,123.17241379310344,102.35483870967742,133.86666666666667,111.12903225806451,124.44827586206897,145.61290322580646,147.19354838709677,117.63333333333334,133.19354838709677,116.66666666666667,124.5
Hunterdon,,,,51.48,68.21739130434783,111.3103448275862,133.27586206896552,125.17857142857143,96.38461538461539,37.166666666666664,37.388888888888886,40.46153846153846
Huron,33.61290322580645,45.241379310344826,53.903225806451616,47.166666666666664,54.45161290322581,78.5,69.38709677419355,67.83870967741936,34.9,29.677419354838708,31.5,44.096774193548384
Hutchinson,,,,,,,49.47826086956522,48.411764705882355,46.666666666666664,39.833333333333336,,
Iberville,24.64516129032258,34.32142857142857,36.87096774193548,72.03448275862068,65.62068965517241,54.75,99.26666666666667,76.76923076923077,47.666666666666664,76.80645161290323,53.916666666666664,29.962962962962962
Imperial,29.7,29.586206896551722,45.48275862068966,62.17391304347826,98.16129032258064,134.13333333333333,99.70967741935483,77.74193548387096,78.2,62.83870967741935,40.13333333333333,30.741935483870968
Ingham,117.16129032258064,96.51724137931035,89.48387096774194,80.3,82.48387096774194,83.56666666666666,82.7741935483871,78.80645161290323,73.83333333333333,69.38709677419355,99.46666666666667,86.80645161290323
Inyo,,,37.806451612903224,,,55.45454545454545,46.58620689655172,38.083333333333336,31.620689655172413,34.25,28.5625,
Iredell,,,,,,17.0,31.2,,26.238095238095237,35.73913043478261,28.233333333333334,34.193548387096776
Iron,29.5,30.46551724137931,24.733333333333334,28.233333333333334,33.83018867924528,42.107142857142854,59.91935483870968,76.2051282051282,55.422222222222224,41.25806451612903,38.4,35.4
Itasca,5.3076923076923075,6.892857142857143,2.5517241379310347,7.318181818181818,1.7272727272727273,2.625,12.666666666666666,2.0,,,,
Jackson,60.88405797101449,59.355932203389834,46.67391304347826,43.798561151079134,52.43307086614173,54.813793103448276,90.1086956521739,79.70731707317073,73.96551724137932,83.88888888888889,74.50862068965517,92.41666666666667
Jasper,22.258064516129032,29.03448275862069,27.838709677419356,32.0,32.806451612903224,36.6,39.83870967741935,32.774193548387096,30.8,27.258064516129032,21.933333333333334,29.774193548387096
Jefferson,67.57777777777778,69.58959537572254,71.79005524861878,77.74857142857142,81.59146341463415,82.25850340136054,118.07792207792208,102.0989010989011,87.01129943502825,80.44067796610169,74.03592814371258,76.82658959537572
Johnson,31.615384615384617,20.15,16.419354838709676,20.633333333333333,39.5,96.0,126.25925925925925,88.83870967741936,51.054545454545455,33.516129032258064,23.75,17.433962264150942
Jones,19.29032258064516,30.821428571428573,32.28,67.24137931034483,69.87096774193549,99.91666666666667,42.59090909090909,39.10526315789474,45.07692307692308,28.633333333333333,28.0,27.806451612903224
Kanawha,53.903225806451616,75.74074074074075,55.61290322580645,66.4,56.225806451612904,60.666666666666664,74.12903225806451,50.74193548387097,48.4,57.354838709677416,59.63333333333333,70.35483870967742
Kane,13.935483870967742,22.24137931034483,26.8,36.86666666666667,48.70967741935484,53.10344827586207,59.03333333333333,43.266666666666666,30.586206896551722,20.695652173913043,,
Kennebec,,,,,50.58620689655172,56.11538461538461,64.18518518518519,47.96153846153846,38.96666666666667,32.0,,
Kenosha,31.419354838709676,48.241379310344826,94.03225806451613,50.0,68.80645161290323,75.0,62.61290322580645,67.74193548387096,46.06666666666667,37.354838709677416,40.63333333333333,47.45161290322581
Kent,25.775862068965516,40.08,52.75268817204301,64.39080459770115,57.81720430107527,63.607594936708864,90.74725274725274,63.21739130434783,44.26966292134831,27.34246575342466,28.625,28.559139784946236
Kenton,35.12903225806452,39.666666666666664,30.483870967741936,30.433333333333334,33.233333333333334,44.827586206896555,29.93548387096774,89.45161290322581,66.56666666666666,42.064516129032256,37.96666666666667,36.193548387096776
Kern,77.12903225806451,71.58620689655173,75.45161290322581,78.20689655172414,77.2258064516129,96.86666666666666,139.93548387096774,144.70967741935485,123.56666666666666,135.25806451612902,119.33333333333333,91.80645161290323
King,88.45161290322581,94.34482758620689,87.38709677419355,89.23333333333333,83.06451612903226,103.46666666666667,61.38709677419355,65.90322580645162,71.96666666666667,87.54838709677419,86.93333333333334,93.35483870967742
Kings,52.95161290322581,52.357142857142854,53.0,52.50847457627118,64.31147540983606,74.31666666666666,103.04918032786885,81.09677419354838,55.88333333333333,53.872727272727275,54.56666666666667,51.40677966101695
Knox,44.11290322580645,50.654545454545456,55.50847457627118,58.1,64.91666666666667,69.47457627118644,80.58,58.70967741935484,36.86666666666667,30.60674157303371,40.69318181818182,64.62921348314607
Kosciusko,,,,,,49.166666666666664,,51.857142857142854,60.592592592592595,23.866666666666667,16.866666666666667,10.05
La Crosse,,,,21.666666666666668,61.172413793103445,49.857142857142854,42.05882352941177,33.766666666666666,25.433333333333334,21.764705882352942,,
La Salle,26.774193548387096,36.206896551724135,32.666666666666664,27.7,45.38709677419355,54.55172413793103,64.25925925925925,49.733333333333334,37.63333333333333,28.903225806451612,28.17241379310345,21.892857142857142
LaPorte,73.03225806451613,82.62068965517241,83.70967741935483,65.86666666666666,74.29032258064517,89.53333333333333,46.96774193548387,65.29032258064517,63.93333333333333,71.0,58.166666666666664,74.24137931034483
Lackawanna,50.354838709677416,54.03448275862069,47.233333333333334,48.13793103448276,62.035714285714285,84.32142857142857,99.96774193548387,90.83870967741936,70.55172413793103,48.38709677419355,54.9,67.25806451612904
Lake,57.52845528455285,56.439655172413794,66.869918699187,78.66071428571429,78.14503816793894,76.29078014184397,78.81333333333333,68.12244897959184,63.70866141732284,59.58196721311475,54.36363636363637,55.388429752066116
Lancaster,50.04838709677419,48.583333333333336,39.38709677419355,40.16949152542373,60.583333333333336,59.62068965517241,63.25,58.967213114754095,47.10344827586207,46.08064516129032,47.38333333333333,48.96774193548387
Lane,47.354838709677416,41.42857142857143,34.25806451612903,33.07692307692308,23.3,7.076923076923077,,37.87096774193548,39.833333333333336,57.29032258064516,58.63333333333333,59.774193548387096
Larimer,52.84615384615385,61.5,36.03333333333333,25.0,19.64516129032258,16.5,30.93103448275862,,45.166666666666664,57.25806451612903,65.56666666666666,63.96774193548387
Lauderdale,61.096774193548384,73.37931034482759,68.2258064516129,65.23333333333333,71.80645161290323,65.8,71.54838709677419,89.38709677419355,70.23333333333333,,,
Lawrence,73.2258064516129,66.24137931034483,55.92727272727273,50.86206896551724,44.224137931034484,43.57142857142857,46.666666666666664,59.32142857142857,64.6,62.63333333333333,72.76666666666667,68.96774193548387
Lee,,,,,,,,34.388888888888886,26.586206896551722,41.03225806451613,36.93333333333333,50.193548387096776
Lehigh,60.0,53.93103448275862,47.12903225806452,50.21739130434783,75.32142857142857,99.28,93.48275862068965,92.2258064516129,70.13793103448276,44.806451612903224,45.6,55.45161290322581
Leon,25.08,48.17391304347826,39.333333333333336,68.28571428571429,59.06666666666667,77.47368421052632,38.724137931034484,29.096774193548388,29.615384615384617,45.5,36.535714285714285,31.35483870967742
Lewis and Clark,54.629629629629626,49.78947368421053,47.38461538461539,44.8,11.5,50.0,51.45,74.875,65.53333333333333,74.16,71.66666666666667,80.56
Lexington,,,,72.07142857142857,76.80645161290323,79.76666666666667,88.16666666666667,92.4,66.69565217391305,32.32258064516129,38.166666666666664,
Linn,51.096774193548384,80.51724137931035,58.354838709677416,45.3,62.275862068965516,68.8,85.16129032258064,77.7741935483871,72.36666666666666,55.225806451612904,70.4,59.70967741935484
Litchfield,,,,45.214285714285715,33.55,90.21428571428571,104.56666666666666,94.46666666666667,94.25,15.88888888888889,,
Lorain,9.870967741935484,12.130434782608695,20.166666666666668,,63.54838709677419,65.7,92.12903225806451,66.48387096774194,54.1,49.12903225806452,40.733333333333334,51.0
Los Angeles,102.54838709677419,104.41379310344827,110.2258064516129,148.63333333333333,129.8709677419355,219.76666666666668,246.8709677419355,229.41935483870967,229.33333333333334,191.80645161290323,181.6,185.4516129032258
Lucas,73.41935483870968,84.55172413793103,88.93548387096774,95.43333333333334,105.03225806451613,107.1,117.41935483870968,90.45161290322581,72.2,54.61290322580645,57.13333333333333,72.58064516129032
Luzerne,55.266666666666666,58.03448275862069,50.3448275862069,59.758620689655174,53.83870967741935,88.71428571428571,79.93103448275862,66.17857142857143,58.206896551724135,48.67741935483871,53.0,65.3225806451613
Lycoming,,,,45.0,55.5,64.86363636363636,,,,28.785714285714285,39.541666666666664,39.36
Macomb,33.74193548387097,42.310344827586206,30.032258064516128,30.833333333333332,46.61290322580645,42.758620689655174,91.51612903225806,67.41935483870968,55.766666666666666,41.903225806451616,43.4,39.516129032258064
Macon,19.129032258064516,55.275862068965516,68.7,48.766666666666666,63.516129032258064,74.44827586206897,71.0,62.16129032258065,58.06896551724138,46.0,47.41379310344828,50.48148148148148
Macoupin,13.083333333333334,15.379310344827585,28.17241379310345,43.666666666666664,51.44444444444444,84.3076923076923,85.85,73.33333333333333,48.8235294117647,30.133333333333333,21.705882352941178,
Madison,41.12162162162162,52.44444444444444,53.310679611650485,62.2992700729927,75.36666666666666,90.01666666666667,111.92708333333333,81.6268656716418,75.51515151515152,64.77,64.51136363636364,64.90588235294118
Mahoning,84.45161290322581,91.41379310344827,80.80645161290323,81.2,77.41935483870968,96.86666666666666,88.96774193548387,70.48387096774194,83.36666666666666,70.48387096774194,65.8,79.12903225806451
Manatee,17.375,15.74074074074074,15.1,23.310344827586206,46.291666666666664,25.8,21.433333333333334,19.838709677419356,17.933333333333334,20.433333333333334,20.0,18.193548387096776
Marathon,76.25806451612904,77.06896551724138,73.70967741935483,70.23333333333333,109.80645161290323,82.93333333333334,87.87096774193549,112.09677419354838,86.66666666666667,90.16129032258064,111.86666666666666,81.64516129032258
Maricopa,70.61290322580645,65.28571428571429,53.774193548387096,69.71428571428571,76.92857142857143,128.73333333333332,120.03225806451613,74.3225806451613,61.03333333333333,70.16129032258064,84.7,144.38709677419354
Marin,52.193548387096776,48.41379310344828,42.70967741935484,35.333333333333336,27.806451612903224,23.233333333333334,32.29032258064516,20.35483870967742,29.133333333333333,73.19354838709677,54.93333333333333,57.58064516129032
Marion,70.0,107.55172413793103,79.0,53.660714285714285,70.0,64.28333333333333,79.32758620689656,72.3225806451613,67.68518518518519,75.79032258064517,67.10526315789474,72.25806451612904
Marquette,31.266666666666666,37.37931034482759,41.0,48.833333333333336,72.58064516129032,58.1,39.806451612903224,35.54838709677419,32.733333333333334,32.0,5.4,29.322580645161292
Mason,25.322580645161292,26.071428571428573,18.833333333333332,20.071428571428573,26.193548387096776,21.22222222222222,7.260869565217392,,5.555555555555555,21.75862068965517,22.4,17.916666666666668
Massac,99.51612903225806,135.51724137931035,118.03225806451613,115.06666666666666,94.2258064516129,109.34482758620689,125.70967741935483,119.51612903225806,101.13333333333334,113.6774193548387,88.53571428571429,108.6896551724138
Maury,83.06451612903226,93.55172413793103,82.93548387096774,98.3,78.03225806451613,70.16666666666667,62.29032258064516,75.03225806451613,75.46666666666667,98.80645161290323,73.76666666666667,61.61290322580645
McCracken,122.96774193548387,123.65517241379311,99.48387096774194,108.93333333333334,125.12903225806451,135.5,114.7741935483871,96.45161290322581,110.3,101.0,117.2,110.03225806451613
McHenry,,,,,,59.0,55.148148148148145,52.0,30.82758620689655,19.933333333333334,,
McKenzie,,8.133333333333333,7.967741935483871,5.8,4.32258064516129,3.7333333333333334,7.806451612903226,4.709677419354839,10.566666666666666,2.6129032258064515,4.766666666666667,7.32258064516129
Mecklenburg,66.54838709677419,75.03448275862068,53.354838709677416,83.2,104.80645161290323,104.86666666666666,127.09677419354838,138.67741935483872,98.3,76.6774193548387,85.23333333333333,96.96774193548387
Medina,14.709677419354838,19.517241379310345,23.419354838709676,35.56666666666667,46.43333333333333,56.06666666666667,72.4,49.16129032258065,38.4,23.580645161290324,19.59259259259259,14.258064516129032
Meigs,32.56666666666667,67.13793103448276,43.189655172413794,23.8,,7.055555555555555,104.7741935483871,116.51612903225806,103.3,102.41935483870968,116.5,93.48387096774194
Mendocino,5.903225806451613,12.521739130434783,21.06451612903226,33.53333333333333,30.903225806451612,26.233333333333334,36.0,35.193548387096776,32.53333333333333,33.5,19.4,10.44
Mercer,31.274193548387096,34.6,45.232142857142854,53.785714285714285,69.31818181818181,78.41379310344827,90.21739130434783,67.10989010989012,63.77272727272727,35.89411764705882,27.471698113207548,39.56521739130435
Mesa,23.862068965517242,23.413793103448278,21.285714285714285,15.366666666666667,11.935483870967742,13.2,13.35483870967742,,18.482758620689655,27.85185185185185,36.93333333333333,46.266666666666666
Miami-Dade,30.107142857142858,42.5,37.45161290322581,28.066666666666666,36.83870967741935,17.655172413793103,50.193548387096776,49.064516129032256,72.93333333333334,87.64516129032258,79.4,103.16129032258064
Middlesex,68.66129032258064,60.65217391304348,57.33870967741935,56.26865671641791,66.4320987654321,89.90588235294118,119.7741935483871,104.41758241758242,69.11363636363636,43.4125,49.925925925925924,79.36734693877551
Milwaukee,78.55172413793103,70.3103448275862,107.0,105.86666666666666,125.64516129032258,122.46666666666667,118.85185185185185,109.51724137931035,78.51851851851852,63.55172413793103,85.53333333333333,89.88461538461539
Missoula,61.6,66.44827586206897,44.93333333333333,45.95652173913044,45.333333333333336,52.64,67.23333333333333,51.83870967741935,63.96551724137931,51.275862068965516,61.30769230769231,102.73333333333333
Mitchell,,,,,,,,,,,10.153846153846153,
Mobile,28.185185185185187,52.44444444444444,56.70967741935484,47.333333333333336,41.903225806451616,,,15.772727272727273,93.23076923076923,81.29032258064517,77.06666666666666,19.774193548387096
Monmouth,60.29032258064516,62.357142857142854,47.096774193548384,45.25925925925926,49.516129032258064,71.89655172413794,126.63333333333334,112.87096774193549,76.5,42.827586206896555,44.22222222222222,57.0
Mono,,,56.904761904761905,44.0,,41.4,8.5625,23.64516129032258,16.966666666666665,15.67741935483871,14.083333333333334,44.11538461538461
Monroe,54.28455284552845,57.59090909090909,51.45378151260504,67.61052631578947,77.05309734513274,94.71028037383178,77.33884297520662,60.37903225806452,58.09649122807018,58.45528455284553,63.0,61.69892473118279
Monterey,32.645161290322584,36.206896551724135,35.83870967741935,41.9,41.41935483870968,38.266666666666666,29.580645161290324,34.645161290322584,45.86666666666667,64.64516129032258,48.166666666666664,57.516129032258064
Montgomery,41.78048780487805,52.51724137931034,45.891666666666666,50.30508474576271,64.1875,87.85882352941177,99.11111111111111,99.82926829268293,71.3913043478261,53.032786885245905,47.1,52.083333333333336
Morgan,44.43333333333333,46.62068965517241,44.8448275862069,46.833333333333336,69.03225806451613,72.33333333333333,34.41935483870968,25.278688524590162,21.385964912280702,20.683333333333334,26.05263157894737,34.54838709677419
Morris,85.12903225806451,79.28571428571429,74.2258064516129,70.58333333333333,60.12903225806452,92.82758620689656,131.76666666666668,112.86206896551724,88.17857142857143,53.5,45.61904761904762,71.47058823529412
Muhlenberg,100.58064516129032,123.27586206896552,126.58064516129032,119.46666666666667,108.7741935483871,97.13333333333334,95.64516129032258,76.19354838709677,107.83333333333333,93.29032258064517,90.5,89.7741935483871
Multnomah,75.0,73.41379310344827,63.54838709677419,65.6,66.87096774193549,77.8,97.09677419354838,73.48387096774194,78.43333333333334,84.58064516129032,81.53333333333333,94.25806451612904
Muscatine,1.2380952380952381,5.9655172413793105,15.741935483870968,5.633333333333334,5.645161290322581,11.2,8.290322580645162,34.83870967741935,21.8,15.258064516129032,17.3,16.916666666666668
Muscogee,,,,,,,,62.0,60.2,47.29032258064516,30.433333333333334,41.67741935483871
Muskegon,56.87096774193548,56.275862068965516,54.29032258064516,52.9,68.7741935483871,80.86666666666666,74.93548387096774,57.58064516129032,55.96666666666667,45.064516129032256,40.6,38.45161290322581
Napa,62.483870967741936,44.629629629629626,32.0,31.866666666666667,30.806451612903224,28.466666666666665,39.54838709677419,32.645161290322584,42.166666666666664,63.38709677419355,52.666666666666664,48.774193548387096
Nassau,61.225806451612904,64.24444444444444,48.935483870967744,53.56666666666667,63.32258064516129,87.0,138.09677419354838,109.54838709677419,62.333333333333336,56.064516129032256,51.8,69.54838709677419
New Castle,83.80645161290323,77.20689655172414,84.12903225806451,81.83333333333333,90.93103448275862,110.92592592592592,125.03225806451613,119.7741935483871,96.96666666666667,83.7741935483871,71.64285714285714,89.32142857142857
New Hanover,,,,75.72727272727273,79.12,70.55172413793103,52.36666666666667,22.5,20.666666666666668,23.8125,28.0,
New Haven,57.03225806451613,66.34482758620689,53.16129032258065,48.733333333333334,68.35483870967742,98.1,130.8709677419355,105.51612903225806,68.7,41.935483870967744,70.56666666666666,74.93548387096774
New York,99.45161290322581,99.25925925925925,94.80645161290323,98.2,113.25806451612904,108.6,128.38709677419354,110.19354838709677,105.51724137931035,91.2258064516129,93.53333333333333,110.24137931034483
Newport News City,,,,,15.666666666666666,14.464285714285714,15.612903225806452,17.161290322580644,22.75862068965517,28.032258064516128,31.3,29.208333333333332
Niagara,102.45161290322581,95.78571428571429,70.93548387096774,75.36666666666666,106.09677419354838,110.73333333333333,96.61290322580645,80.29032258064517,67.4,82.25806451612904,93.26666666666667,96.12903225806451
Norfolk,50.064516129032256,57.89655172413793,50.0,55.46666666666667,55.61290322580645,78.5,91.38709677419355,76.48387096774194,52.166666666666664,45.903225806451616,37.89655172413793,50.82142857142857
Norfolk City,25.322580645161292,28.22222222222222,20.483870967741936,16.566666666666666,14.67741935483871,20.09090909090909,15.7,22.925925925925927,17.821428571428573,23.225806451612904,24.952380952380953,30.44
North Slope ,26.774193548387096,27.79310344827586,25.741935483870968,,,,,,,,,
Northampton,69.3225806451613,71.70370370370371,54.645161290322584,59.642857142857146,69.2741935483871,95.50909090909092,120.18367346938776,99.22950819672131,81.67241379310344,55.234042553191486,64.0,62.266666666666666
Nueces,49.16129032258065,50.464285714285715,43.96666666666667,54.689655172413794,72.25806451612904,41.1,34.3,39.958333333333336,46.58620689655172,78.7,57.06896551724138,45.833333333333336
Oakland,28.666666666666668,27.482758620689655,33.516129032258064,37.833333333333336,68.0,82.93333333333334,93.58064516129032,63.483870967741936,52.96666666666667,33.12903225806452,33.666666666666664,42.193548387096776
Ocean,46.064516129032256,42.5,39.516129032258064,43.851851851851855,46.935483870967744,30.52,42.91304347826087,36.48148148148148,39.64,32.833333333333336,30.833333333333332,46.77777777777778
Oconto,,,,16.0,37.7,44.8,47.0,25.032258064516128,31.966666666666665,23.310344827586206,16.233333333333334,23.096774193548388
Ohio,81.29032258064517,89.75862068965517,65.56451612903226,73.65,80.83870967741936,70.36666666666666,65.75438596491227,63.14754098360656,56.63636363636363,80.08064516129032,86.03333333333333,86.54838709677419
Oklahoma,31.741935483870968,30.862068965517242,33.58064516129032,49.233333333333334,46.70967741935484,60.266666666666666,94.7741935483871,71.83870967741936,56.06666666666667,56.645161290322584,60.166666666666664,30.29032258064516
Oliver,27.096774193548388,34.06896551724138,33.63333333333333,44.666666666666664,65.46666666666667,44.233333333333334,39.67741935483871,39.354838709677416,34.03333333333333,26.612903225806452,24.033333333333335,15.483870967741936
Olmsted,70.38709677419355,79.51724137931035,70.38709677419355,93.13333333333334,94.90322580645162,87.3,85.25806451612904,62.74193548387097,66.53333333333333,70.7741935483871,77.03333333333333,78.38709677419355
Oneida,30.096774193548388,36.107142857142854,41.83870967741935,45.7,77.61290322580645,81.4,64.64516129032258,53.064516129032256,39.4,42.523809523809526,41.9,44.6
Onondaga,77.6774193548387,83.64285714285714,72.19354838709677,61.233333333333334,83.29032258064517,90.53333333333333,80.74193548387096,65.54838709677419,56.766666666666666,57.193548387096776,60.0,60.354838709677416
Ontonagon,49.0,25.379310344827587,47.25806451612903,50.46666666666667,67.48387096774194,63.56666666666667,66.12903225806451,22.419354838709676,26.466666666666665,47.38709677419355,42.36666666666667,48.87096774193548
Orange,51.725806451612904,61.40625,46.395604395604394,74.0952380952381,70.4367816091954,77.6470588235294,98.57608695652173,69.3076923076923,87.20454545454545,85.84444444444445,72.70731707317073,83.36363636363636
Orleans,14.235294117647058,21.0,13.129032258064516,13.6,8.625,48.791666666666664,53.03225806451613,29.5,21.266666666666666,32.333333333333336,18.181818181818183,12.545454545454545
Ottawa,54.38709677419355,55.13793103448276,62.29032258064516,44.833333333333336,48.16129032258065,64.2,55.70967741935484,47.29032258064516,55.36666666666667,53.064516129032256,53.36666666666667,49.96774193548387
Outagamie,,,17.0,16.541666666666668,51.41935483870968,49.0,42.51724137931034,42.903225806451616,37.48275862068966,22.333333333333332,,
Oxford,60.45161290322581,61.93103448275862,53.41935483870968,39.5,61.225806451612904,57.13333333333333,31.0,55.41935483870968,61.6,43.32258064516129,50.766666666666666,56.70967741935484
Ozaukee,,,,,110.8,56.375,55.90909090909091,53.15384615384615,36.629629629629626,18.884615384615383,11.551724137931034,9.833333333333334
Palm Beach,41.54838709677419,42.793103448275865,38.225806451612904,56.9,53.516129032258064,43.53333333333333,44.903225806451616,36.483870967741936,32.3,40.0,36.53333333333333,51.645161290322584
Passaic,49.806451612903224,53.083333333333336,47.41935483870968,38.375,41.642857142857146,39.91304347826087,26.833333333333332,31.037037037037038,36.56,36.51851851851852,37.0,57.78947368421053
Paulding,24.93103448275862,38.5,40.41379310344828,74.75862068965517,88.16666666666667,87.45833333333333,119.9,101.4074074074074,59.214285714285715,32.44827586206897,29.0,21.322580645161292
Penobscot,150.41935483870967,143.51724137931035,126.61290322580645,94.83333333333333,128.70967741935485,139.5,122.61290322580645,141.16129032258064,105.43333333333334,83.29032258064517,94.86666666666666,84.45161290322581
Peoria,36.172413793103445,44.3448275862069,35.53333333333333,41.333333333333336,45.13793103448276,61.275862068965516,72.25806451612904,60.13333333333333,47.7037037037037,39.29032258064516,37.56666666666667,34.25
Perry,23.724137931034484,28.59259259259259,25.866666666666667,47.172413793103445,63.29032258064516,80.65384615384616,68.37037037037037,64.125,67.4090909090909,33.42307692307692,32.0,37.96666666666667
Philadelphia,95.58064516129032,101.10344827586206,88.03225806451613,84.63333333333334,85.93548387096774,125.03333333333333,145.7741935483871,136.06451612903226,96.1,87.41935483870968,82.86666666666666,88.61290322580645
Pickens,,,,35.625,35.57142857142857,39.2,93.09677419354838,100.51612903225806,62.607142857142854,31.875,50.84615384615385,
Pierce,91.06451612903226,85.34482758620689,59.83870967741935,85.76666666666667,82.16129032258064,72.56666666666666,58.70967741935484,48.774193548387096,43.3,60.16129032258065,51.93333333333333,82.93548387096774
Pima,112.61290322580645,89.20689655172414,86.09677419354838,105.9,129.61290322580646,134.5,88.25806451612904,92.25806451612904,89.63333333333334,94.61290322580645,107.93333333333334,125.90322580645162
Pinal,106.3225806451613,124.55172413793103,80.79310344827586,69.26666666666667,110.6774193548387,116.83333333333333,12.25,6.387096774193548,0.0,4.0,135.43333333333334,121.16
Pinellas,78.87096774193549,73.6896551724138,68.19354838709677,96.7,87.80645161290323,75.66666666666667,70.29032258064517,80.90322580645162,82.8,75.61290322580645,59.46666666666667,61.67741935483871
Placer,22.451612903225808,23.896551724137932,42.70967741935484,47.766666666666666,53.41935483870968,66.6,125.2258064516129,145.96774193548387,105.16666666666667,95.12903225806451,42.8,28.870967741935484
Platte,18.103448275862068,28.93103448275862,33.41935483870968,50.89473684210526,61.86363636363637,46.90909090909091,113.58333333333333,70.29032258064517,65.48275862068965,40.0,30.733333333333334,42.774193548387096
Polk,48.87931034482759,65.42424242424242,34.70175438596491,52.68333333333333,73.16129032258064,81.16666666666667,103.20967741935483,100.98333333333333,85.41666666666667,73.58064516129032,59.1,66.70967741935483
Portage,15.892857142857142,21.724137931034484,29.074074074074073,39.44736842105263,35.24193548387097,42.583333333333336,43.733333333333334,39.68852459016394,39.51020408163265,26.375,25.3125,20.98
Porter,68.03225806451613,65.65517241379311,61.61290322580645,59.43333333333333,62.806451612903224,77.66666666666667,108.0,64.48387096774194,46.86666666666667,59.54838709677419,40.9,57.16129032258065
Posey,,,,,,,,,,,44.1578947368421,28.096774193548388
Potter,,,,,,,54.4,38.869565217391305,45.833333333333336,33.56666666666667,,
Preble,17.419354838709676,24.724137931034484,27.161290322580644,41.92857142857143,68.15384615384616,65.0,95.0,68.57142857142857,58.55172413793103,35.785714285714285,22.8,16.75
Price,65.58064516129032,91.24137931034483,93.58064516129032,75.06666666666666,107.03225806451613,55.63333333333333,77.3225806451613,,,,,
Prince George's,24.466666666666665,34.86206896551724,38.41379310344828,46.535714285714285,57.58620689655172,82.62962962962963,145.26666666666668,142.33333333333334,96.0,40.44,51.06666666666667,52.22222222222222
Prince William,,,,,,93.76666666666667,93.33333333333333,82.96551724137932,,,,
Providence,80.64516129032258,77.3103448275862,76.03225806451613,83.1,76.7741935483871,82.4,105.25806451612904,85.09677419354838,61.93333333333333,75.7741935483871,72.3,79.6774193548387
Pueblo,26.7,27.352941176470587,18.423076923076923,16.666666666666668,15.407407407407407,,11.766666666666667,15.448275862068966,14.115384615384615,16.96551724137931,25.75862068965517,28.133333333333333
Pulaski,22.677419354838708,34.89655172413793,34.58620689655172,40.46666666666667,39.85454545454545,44.16949152542373,94.21311475409836,67.1774193548387,54.1,45.08695652173913,42.96666666666667,28.225806451612904
Queens,59.935483870967744,63.96,49.53333333333333,49.13333333333333,61.3,83.96666666666667,138.93548387096774,109.6774193548387,71.66666666666667,50.193548387096776,57.733333333333334,71.35483870967742
Racine,32.32142857142857,52.793103448275865,43.32258064516129,42.46666666666667,67.35483870967742,76.2,68.92,75.82142857142857,51.5,27.93103448275862,42.266666666666666,42.38461538461539
Ramsey,72.25806451612904,75.44827586206897,64.16129032258064,67.86666666666666,86.2258064516129,53.63333333333333,67.35483870967742,45.32258064516129,43.93333333333333,51.354838709677416,61.4,57.96774193548387
Rensselaer,48.354838709677416,53.32142857142857,52.516129032258064,51.08,64.16129032258064,74.53333333333333,85.83870967741936,80.6774193548387,66.10344827586206,49.935483870967744,48.2,64.06451612903226
Rhea,32.16129032258065,30.137931034482758,24.24137931034483,,,,37.28,58.714285714285715,42.93103448275862,38.54838709677419,23.366666666666667,32.689655172413794
Richland,32.625,51.10344827586207,46.25806451612903,67.65517241379311,79.51612903225806,82.72222222222223,53.61290322580645,80.125,69.23333333333333,60.67741935483871,52.705882352941174,47.67796610169491
Richmond,40.0655737704918,45.72222222222222,31.966101694915253,33.8,49.69047619047619,44.86666666666667,70.26666666666667,52.67741935483871,46.86666666666667,34.645161290322584,40.771929824561404,55.8235294117647
Richmond City,35.57692307692308,45.81481481481482,42.92307692307692,55.03333333333333,63.354838709677416,43.214285714285715,55.903225806451616,49.806451612903224,54.86206896551724,43.16129032258065,61.266666666666666,54.935483870967744
Riverside,63.774193548387096,79.3103448275862,78.74193548387096,141.43333333333334,132.16129032258064,208.93333333333334,243.32258064516128,198.96774193548387,223.43333333333334,168.09677419354838,128.5,88.0
Roane,59.516129032258064,80.34482758620689,83.3225806451613,30.933333333333334,19.0,24.3,79.25806451612904,77.54838709677419,72.0,66.3225806451613,59.766666666666666,69.35483870967742
Rock,53.32258064516129,81.06896551724138,68.48387096774194,52.6,63.806451612903224,85.76666666666667,72.93548387096774,55.193548387096776,58.233333333333334,12.935483870967742,0.0,0.0
Rock Island,43.53333333333333,51.3448275862069,36.4,34.758620689655174,52.0,49.06896551724138,65.3225806451613,59.29032258064516,41.166666666666664,39.935483870967744,47.03333333333333,43.392857142857146
Rockdale,,,,,,,48.55555555555556,52.06666666666667,33.30769230769231,22.5,31.074074074074073,21.733333333333334
Rockingham,40.03333333333333,54.689655172413794,49.935483870967744,48.9,46.12903225806452,63.96666666666667,85.2258064516129,64.16129032258064,45.63333333333333,32.45161290322581,39.724137931034484,40.935483870967744
Rosebud,30.870967741935484,33.3448275862069,43.58064516129032,45.37931034482759,53.12903225806452,37.36666666666667,32.233333333333334,56.064516129032256,37.666666666666664,30.741935483870968,19.766666666666666,26.333333333333332
Rutland,39.87096774193548,45.93103448275862,41.16129032258065,20.433333333333334,,,,,13.033333333333333,27.620689655172413,36.0,60.407407407407405
Sacramento,47.96774193548387,48.44827586206897,44.774193548387096,53.7,50.225806451612904,52.233333333333334,97.2258064516129,89.74193548387096,85.6,97.93548387096774,71.9,74.87096774193549
Saginaw,53.41935483870968,69.3103448275862,52.70967741935484,45.9,54.903225806451616,56.93333333333333,59.70967741935484,41.806451612903224,34.86666666666667,33.96774193548387,29.133333333333333,37.935483870967744
Saint Charles,58.064516129032256,69.6896551724138,76.90322580645162,79.3,71.35483870967742,64.23333333333333,97.45161290322581,100.19354838709677,76.2,72.48387096774194,61.03333333333333,72.80645161290323
Saint Clair,65.70967741935483,72.44827586206897,68.2,57.86666666666667,93.93548387096774,97.96551724137932,137.09677419354838,122.19354838709677,99.6,81.61290322580645,108.3103448275862,75.22222222222223
Saint Louis,72.0327868852459,79.82758620689656,62.0655737704918,67.88333333333334,80.64516129032258,75.16666666666667,90.63636363636364,88.96774193548387,64.43333333333334,58.20967741935484,65.38333333333334,74.61666666666666
Salem,58.806451612903224,54.642857142857146,42.93333333333333,34.370370370370374,27.774193548387096,15.11111111111111,20.22222222222222,28.25925925925926,34.25,55.0,19.0,61.8421052631579
Salem City,18.096774193548388,18.344827586206897,14.903225806451612,53.48275862068966,56.285714285714285,65.93333333333334,86.83870967741936,81.48387096774194,47.833333333333336,28.774193548387096,24.0,26.741935483870968
Salt Lake,123.51612903225806,119.55172413793103,98.74193548387096,115.83333333333333,102.29032258064517,112.83333333333333,118.54838709677419,80.87096774193549,89.66666666666667,111.61290322580645,129.1,160.6451612903226
San Benito,20.258064516129032,25.93103448275862,32.064516129032256,38.1,44.83870967741935,42.46666666666667,40.62068965517241,46.83870967741935,45.7,66.51612903225806,45.53333333333333,49.645161290322584
San Bernardino,72.45161290322581,83.41379310344827,94.29032258064517,157.66666666666666,146.03225806451613,240.93333333333334,260.51612903225805,228.8709677419355,242.1,174.29032258064515,135.16666666666666,86.19354838709677
San Diego,66.38709677419355,94.55172413793103,85.41935483870968,111.06666666666666,93.90322580645162,162.46666666666667,193.1290322580645,133.5483870967742,165.4,164.29032258064515,125.9,108.83870967741936
San Francisco,51.67741935483871,44.93103448275862,33.96774193548387,39.9,36.45161290322581,26.4,19.516129032258064,20.322580645161292,33.733333333333334,69.54838709677419,63.56666666666667,60.225806451612904
San Joaquin,40.61290322580645,47.758620689655174,42.096774193548384,48.833333333333336,58.74193548387097,64.1,82.25806451612904,74.87096774193549,66.5,87.70967741935483,62.06666666666667,53.83870967741935
San Juan,63.38709677419355,57.93103448275862,54.61290322580645,57.93333333333333,42.70967741935484,70.63333333333334,71.48387096774194,69.3225806451613,90.53333333333333,66.83870967741936,68.73333333333333,74.90322580645162
San Luis Obispo,35.903225806451616,39.41379310344828,41.87096774193548,52.86666666666667,50.483870967741936,54.333333333333336,79.70967741935483,81.0,67.36666666666666,75.70967741935483,67.63333333333334,60.96774193548387
San Mateo,65.16129032258064,61.689655172413794,29.1,28.966666666666665,33.12903225806452,30.6,25.129032258064516,24.580645161290324,32.833333333333336,48.29032258064516,43.46666666666667,53.645161290322584
Sangamon,67.29032258064517,78.53571428571429,88.63333333333334,64.53333333333333,72.38709677419355,81.06896551724138,82.37931034482759,94.3225806451613,78.35714285714286,58.766666666666666,69.06666666666666,89.83333333333333
Santa Barbara,59.61290322580645,63.03448275862069,60.096774193548384,79.0,75.3225806451613,74.9,52.225806451612904,61.32258064516129,60.4,79.41935483870968,98.8,86.0
Santa Clara,59.38709677419355,43.724137931034484,28.612903225806452,39.733333333333334,40.67741935483871,43.333333333333336,97.96774193548387,75.45161290322581,66.36666666666666,96.35483870967742,72.06666666666666,89.80645161290323
Santa Cruz,33.70967741935484,38.275862068965516,40.774193548387096,44.1,43.25806451612903,38.46666666666667,38.354838709677416,41.29032258064516,39.03333333333333,59.67741935483871,43.1,40.58064516129032
Santa Fe,34.13333333333333,31.344827586206897,25.714285714285715,22.066666666666666,21.806451612903224,22.933333333333334,18.741935483870968,19.433333333333334,22.6,25.161290322580644,33.4,44.67741935483871
Schenectady,61.483870967741936,57.0,50.16129032258065,43.275862068965516,34.87096774193548,23.6,40.16129032258065,36.45161290322581,42.666666666666664,39.225806451612904,54.06896551724138,52.354838709677416
Scioto,48.06896551724138,36.17391304347826,17.105263157894736,,17.483870967741936,26.833333333333332,15.517241379310345,20.677419354838708,22.4,23.466666666666665,30.266666666666666,14.714285714285714
Scott,24.677419354838708,39.827586206896555,41.74193548387097,64.26666666666667,41.4,51.96666666666667,66.09677419354838,68.33333333333333,,31.083333333333332,55.06666666666667,30.375
Sedgwick,43.516129032258064,39.93103448275862,35.38709677419355,43.833333333333336,46.96774193548387,49.2,52.096774193548384,53.41935483870968,36.5,47.096774193548384,51.86666666666667,40.70967741935484
Seminole,,,,59.470588235294116,42.4,44.0,39.88461538461539,27.64,,24.1,23.2,21.677419354838708
Shasta,23.322580645161292,27.551724137931036,34.63333333333333,53.06666666666667,70.74193548387096,74.16666666666667,110.27586206896552,121.48387096774194,65.9,,16.545454545454547,15.785714285714286
Sheboygan,36.193548387096776,47.607142857142854,64.2,69.37931034482759,95.63333333333334,113.03333333333333,122.93333333333334,71.3,78.72413793103448,54.483870967741936,24.0,37.16129032258065
Shelby,96.64516129032258,96.51724137931035,80.16129032258064,91.06666666666666,110.93548387096774,130.63333333333333,123.61290322580645,135.96774193548387,123.2,113.2258064516129,124.06666666666666,117.58064516129032
Sherburne,49.096774193548384,59.51724137931034,52.96774193548387,43.4,59.03225806451613,43.56666666666667,46.87096774193548,42.67741935483871,36.1,34.096774193548384,44.0,46.03225806451613
Shoshone,123.80645161290323,118.58620689655173,113.54838709677419,118.6,120.70967741935483,135.06666666666666,133.3548387096774,140.3548387096774,134.56666666666666,148.2258064516129,98.96666666666667,111.29032258064517
Silver Bow,42.0,47.793103448275865,33.74193548387097,49.6,86.0,27.3,31.235294117647058,,,,25.333333333333332,26.09090909090909
Smyth,22.25,28.785714285714285,,49.142857142857146,69.76666666666667,79.03333333333333,79.58064516129032,60.96774193548387,54.310344827586206,15.068965517241379,15.566666666666666,18.580645161290324
Snohomish,19.0,18.57894736842105,36.19047619047619,38.275862068965516,48.0,44.86666666666667,54.54838709677419,37.225806451612904,27.620689655172413,47.766666666666666,14.266666666666667,32.32258064516129
Solano,41.87096774193548,44.310344827586206,39.12903225806452,44.266666666666666,46.806451612903224,38.766666666666666,58.96774193548387,39.54838709677419,47.86666666666667,62.41935483870968,65.63333333333334,50.16129032258065
Somerset,52.9,40.166666666666664,39.61290322580645,47.96296296296296,48.774193548387096,67.42857142857143,68.03225806451613,60.96551724137931,55.0,41.642857142857146,37.90909090909091,54.94117647058823
Sonoma,42.096774193548384,44.793103448275865,30.838709677419356,34.2,32.58064516129032,30.7,39.16129032258065,32.58064516129032,47.43333333333333,63.61290322580645,50.36666666666667,61.0
Spencer,88.93548387096774,89.03448275862068,80.7741935483871,84.96666666666667,,,,70.54838709677419,63.6,71.2258064516129,77.33333333333333,69.93548387096774
Spokane,82.2258064516129,88.17241379310344,85.51612903225806,83.86666666666666,79.83870967741936,83.9,90.48387096774194,100.16129032258064,84.03333333333333,111.25806451612904,81.23333333333333,97.96774193548387
St. Charles,,,,71.16666666666667,36.903225806451616,34.36666666666667,22.0,27.838709677419356,55.666666666666664,54.064516129032256,44.166666666666664,63.516129032258064
St. Clair,65.64516129032258,60.86206896551724,74.2258064516129,83.96666666666667,99.16129032258064,88.9,98.2258064516129,89.48387096774194,81.23333333333333,57.70967741935484,67.16666666666667,72.90322580645162
St. Croix,,,,20.36842105263158,60.7,45.86666666666667,50.529411764705884,31.333333333333332,17.433333333333334,13.636363636363637,,
St. John the Baptist,24.071428571428573,28.5,31.387096774193548,58.96666666666667,53.32258064516129,17.933333333333334,1.4838709677419355,0.5161290322580645,2.533333333333333,1.2258064516129032,2.7,4.129032258064516
St. Johns,9.517241379310345,14.434782608695652,11.653846153846153,,,,0.9032258064516129,1.8064516129032258,1.12,2.6363636363636362,0.9333333333333333,0.17391304347826086
St. Joseph,33.96666666666667,58.310344827586206,37.4,38.0,52.483870967741936,67.56666666666666,83.45161290322581,76.19354838709677,98.63333333333334,57.45161290322581,49.53333333333333,46.354838709677416
St. Lawrence,21.137931034482758,20.53846153846154,,,,,,,,,,
St. Louis City,84.36666666666666,100.96551724137932,93.61290322580645,99.33333333333333,112.0,103.36666666666666,120.83333333333333,109.6774193548387,107.26666666666667,100.90322580645162,108.41379310344827,115.25806451612904
Stanislaus,50.93333333333333,54.793103448275865,47.3448275862069,57.48275862068966,49.0,58.766666666666666,93.93548387096774,51.36666666666667,51.06666666666667,72.6896551724138,84.9,71.74193548387096
Stark,79.16129032258064,73.20689655172414,43.516129032258064,18.541666666666668,61.666666666666664,69.57142857142857,82.80645161290323,80.90322580645162,71.8,66.6774193548387,67.3,76.19354838709677
Stearns,2.533333333333333,9.137931034482758,9.5,7.2105263157894735,43.354838709677416,21.791666666666668,18.566666666666666,10.0,4.541666666666667,2.903225806451613,7.482758620689655,8.466666666666667
Stephens,,15.533333333333333,16.25,5.666666666666667,14.258064516129032,52.04545454545455,53.58064516129032,11.56,5.4,3.7419354838709675,7.366666666666666,6.633333333333334
Stewart,81.35483870967742,86.17241379310344,66.13333333333334,71.33333333333333,77.09677419354838,84.9,76.0,88.51612903225806,83.7,78.2258064516129,68.56666666666666,91.25806451612904
Story,16.74074074074074,37.68421052631579,22.857142857142858,65.66666666666667,21.193548387096776,7.944444444444445,4.0,,,,24.0,23.419354838709676
Suffolk,87.8225806451613,82.65517241379311,78.85483870967742,77.91666666666667,67.7457627118644,77.63333333333334,106.61290322580645,104.96774193548387,84.23333333333333,68.14516129032258,73.03333333333333,80.09677419354838
Sullivan,89.8225806451613,85.67241379310344,78.5,79.35,99.7741935483871,118.96666666666667,139.16129032258064,93.1774193548387,79.93333333333334,97.87096774193549,75.71666666666667,68.58064516129032
Summit,93.45161290322581,96.82758620689656,86.0,115.33333333333333,119.74193548387096,115.76666666666667,125.06451612903226,117.83870967741936,113.4,104.90322580645162,121.03333333333333,115.12903225806451
Sumner,70.93548387096774,67.35714285714286,74.70967741935483,41.3,38.29032258064516,38.8,70.6774193548387,80.06451612903226,66.46666666666667,41.25806451612903,37.6,47.16129032258065
Sussex,14.535714285714286,29.923076923076923,26.266666666666666,27.555555555555557,10.064516129032258,8.1,75.7741935483871,87.2258064516129,21.466666666666665,0.0,2.4,0.0
Sutter,17.233333333333334,24.333333333333332,,,,,,,,,,
Tarrant,41.935483870967744,52.0,69.2258064516129,98.43333333333334,95.45161290322581,80.1,113.09677419354838,76.16129032258064,88.83333333333333,61.16129032258065,61.03333333333333,45.193548387096776
Taylor,23.15,41.833333333333336,56.064516129032256,69.73333333333333,101.80645161290323,84.54545454545455,72.5,,28.6,28.275862068965516,23.56,21.677419354838708
Tazewell,57.86363636363637,38.76470588235294,34.483870967741936,52.166666666666664,39.89655172413793,38.172413793103445,40.51851851851852,38.5,32.73913043478261,34.04347826086956,34.407407407407405,18.444444444444443
Toa Baja,43.3,,53.25,36.73076923076923,2.206896551724138,13.05,1.6666666666666667,,,,,
Tolland,,,,66.46153846153847,133.0,75.1,90.74074074074075,79.76923076923077,70.61904761904762,49.095238095238095,,
Tooele,38.75,34.083333333333336,10.806451612903226,26.137931034482758,36.27272727272727,48.9,12.129032258064516,0.45161290322580644,21.966666666666665,45.357142857142854,,
Travis,23.517241379310345,42.206896551724135,42.2,60.63333333333333,46.806451612903224,55.758620689655174,49.708333333333336,49.333333333333336,56.95454545454545,45.08695652173913,31.352941176470587,20.08695652173913
Trigg,31.95,17.571428571428573,23.444444444444443,18.466666666666665,12.736842105263158,13.4,15.516129032258064,12.272727272727273,8.75,17.483870967741936,27.966666666666665,26.193548387096776
Trimble,59.774193548387096,60.241379310344826,41.83870967741935,39.86666666666667,,,,44.774193548387096,47.56666666666667,50.0,63.0,61.064516129032256
Trumbull,48.45161290322581,29.103448275862068,49.17391304347826,29.8,21.129032258064516,42.77777777777778,43.18181818181818,22.551724137931036,41.7,30.615384615384617,47.2,61.45161290322581
Tulare,47.193548387096776,52.06896551724138,46.0,72.53333333333333,83.58064516129032,100.73333333333333,140.25806451612902,136.58064516129033,112.9,107.6774193548387,75.63333333333334,54.25806451612903
Tulsa,67.16129032258064,74.17241379310344,69.09677419354838,78.76666666666667,71.2258064516129,99.6,137.58064516129033,107.3225806451613,93.06666666666666,76.09677419354838,79.3,76.48387096774194
Tuolumne,100.45161290322581,91.41379310344827,68.4,59.166666666666664,63.3,54.06666666666667,52.130434782608695,54.166666666666664,67.93333333333334,90.10344827586206,100.33333333333333,124.70967741935483
Tuscaloosa,,,,,75.58333333333333,80.16,,54.0,,42.16129032258065,34.6551724137931,27.580645161290324
Tuscarawas,,64.3913043478261,57.36363636363637,50.42857142857143,47.208333333333336,36.392857142857146,43.46666666666667,54.83870967741935,55.92307692307692,,,
Uintah,18.689655172413794,26.76923076923077,13.433333333333334,12.766666666666667,11.357142857142858,13.8,17.64516129032258,18.0,16.61904761904762,,,
Union,59.23076923076923,54.583333333333336,57.83870967741935,64.51851851851852,87.80645161290323,113.56666666666666,125.29032258064517,122.29032258064517,92.86206896551724,57.6551724137931,46.04347826086956,55.0
Utah,41.61290322580645,69.34482758620689,42.516129032258064,50.43333333333333,57.70967741935484,76.24137931034483,75.58064516129032,57.516129032258064,57.166666666666664,76.93548387096774,81.56666666666666,77.61290322580645
Valdez-Cordova ,43.225806451612904,38.0,43.32258064516129,45.0,43.935483870967744,23.379310344827587,45.29032258064516,30.548387096774192,25.6,25.096774193548388,31.833333333333332,19.0
Vanderburgh,82.83870967741936,73.17241379310344,61.83870967741935,52.03333333333333,39.83870967741935,50.93333333333333,30.3,37.0,63.5,40.67741935483871,52.7,43.74193548387097
Ventura,66.03225806451613,61.0,72.38709677419355,105.96666666666667,92.61290322580645,160.56666666666666,174.09677419354838,153.25806451612902,158.66666666666666,125.96774193548387,88.5,57.233333333333334
Vermillion,74.28571428571429,81.33333333333333,67.62962962962963,49.76923076923077,61.56666666666667,72.81481481481481,,,,44.733333333333334,50.275862068965516,90.57894736842105
Vernon,53.035714285714285,30.03448275862069,74.53333333333333,74.1,67.66666666666667,66.9,57.96774193548387,66.96774193548387,91.16666666666667,53.903225806451616,51.86666666666667,30.29032258064516
Vigo,108.48387096774194,112.62068965517241,97.06451612903226,98.16666666666667,104.90322580645162,88.8,37.333333333333336,59.54838709677419,52.56666666666667,84.38709677419355,87.43333333333334,90.90322580645162
Virginia Beach City,30.322580645161292,71.48275862068965,51.225806451612904,47.63333333333333,69.16129032258064,83.93333333333334,67.35483870967742,69.45161290322581,58.93333333333333,38.483870967741936,42.833333333333336,43.55172413793103
Wabash,77.45161290322581,82.41379310344827,94.51724137931035,65.37931034482759,70.18518518518519,100.65384615384616,,,,,,
Wake,9.741935483870968,19.20689655172414,25.103448275862068,96.72727272727273,85.56666666666666,100.9,113.35483870967742,126.90322580645162,89.6,48.83870967741935,59.1,64.58823529411765
Walworth,,,,19.181818181818183,67.18181818181819,72.45833333333333,74.7741935483871,49.470588235294116,33.388888888888886,21.391304347826086,,
Warren,32.927927927927925,29.21276595744681,32.26724137931034,32.008849557522126,34.18487394957983,56.8469387755102,62.913978494623656,50.340425531914896,39.756521739130434,30.838983050847457,28.83653846153846,34.244680851063826
Warrick,104.06451612903226,105.33333333333333,108.0,100.73333333333333,81.58620689655173,93.6923076923077,73.88888888888889,101.03225806451613,111.16666666666667,,,
Washington,50.381443298969074,50.05882352941177,38.64028776978417,40.90344827586207,80.54022988505747,65.24137931034483,86.55172413793103,61.48235294117647,44.84761904761905,42.14678899082569,43.671052631578945,54.61797752808989
Washoe,50.67741935483871,47.0,33.70967741935484,39.7,42.806451612903224,55.733333333333334,69.38709677419355,87.38709677419355,87.76666666666667,98.09677419354838,82.4,117.3225806451613
Washtenaw,24.310344827586206,30.379310344827587,29.161290322580644,44.5,65.25806451612904,37.5,51.38709677419355,42.3,37.233333333333334,20.70967741935484,19.0,27.225806451612904
Waukesha,16.84,29.0,26.3,22.517241379310345,35.064516129032256,32.51724137931034,42.666666666666664,21.05263157894737,20.125,26.75,23.413793103448278,20.92
Wayne,51.28846153846154,52.28767123287671,52.77906976744186,55.51190476190476,56.83870967741935,78.29310344827586,98.3125,75.54237288135593,66.76666666666667,52.68421052631579,54.6551724137931,55.967213114754095
Weber,36.54838709677419,56.58620689655172,44.0,56.5,54.266666666666666,78.17857142857143,78.93548387096774,56.6,46.51724137931034,55.87096774193548,69.7,78.19354838709677
Weld,52.516129032258064,51.55172413793103,40.354838709677416,43.766666666666666,44.32258064516129,47.63333333333333,48.29032258064516,44.96774193548387,34.03333333333333,44.41935483870968,54.357142857142854,66.87096774193549
Westchester,42.0,55.0,35.935483870967744,46.56666666666667,72.2258064516129,99.73333333333333,114.48387096774194,108.3225806451613,64.03333333333333,44.70967741935484,60.3,67.03225806451613
Westmoreland,,,,,,,,,,52.63636363636363,55.81818181818182,48.791666666666664
Wheeler,,,,,6.4,6.0,7.0,6.580645161290323,7.0,6.0,6.16,6.709677419354839
Will,38.70967741935484,55.13793103448276,55.5,56.4,77.74193548387096,75.62068965517241,81.93548387096774,75.48387096774194,58.48275862068966,43.25806451612903,60.285714285714285,51.82142857142857
Williamson,59.41935483870968,60.32142857142857,43.53333333333333,45.96666666666667,60.45161290322581,78.10344827586206,84.64516129032258,70.51612903225806,56.0,49.58064516129032,40.17857142857143,47.607142857142854
Wilson,62.41935483870968,87.58620689655173,57.61290322580645,68.9,59.41935483870968,58.333333333333336,69.7741935483871,69.2258064516129,80.93333333333334,84.12903225806451,57.733333333333334,58.12903225806452
Windsor,19.689655172413794,43.6551724137931,29.516129032258064,25.666666666666668,,,,,,,,
Winnebago,21.161290322580644,33.89655172413793,18.0,17.833333333333332,57.693548387096776,58.1578947368421,56.63157894736842,37.76315789473684,29.361702127659573,25.11864406779661,21.966666666666665,25.071428571428573
Wood,48.5,61.765957446808514,50.30555555555556,69.7,113.0,91.28571428571429,45.74193548387097,67.3225806451613,62.03333333333333,55.483870967741936,46.37931034482759,34.4
Woodbury,,,,,66.93548387096774,67.43333333333334,68.6,54.0,68.93333333333334,43.193548387096776,43.06666666666667,43.54838709677419
Worcester,59.45161290322581,59.48275862068966,52.903225806451616,46.233333333333334,53.74193548387097,68.6,101.58064516129032,70.54838709677419,58.2,45.354838709677416,38.9,58.193548387096776
Wright,7.096774193548387,11.655172413793103,15.516129032258064,12.833333333333334,8.838709677419354,5.4,4.967741935483871,2.2580645161290325,3.7333333333333334,5.032258064516129,6.333333333333333,11.0
Wyandotte,48.516129032258064,39.13793103448276,40.193548387096776,29.3,41.41935483870968,46.733333333333334,59.225806451612904,66.96774193548387,58.266666666666666,60.16129032258065,67.13333333333334,68.09677419354838
Yakima,44.74193548387097,42.44827586206897,25.483870967741936,20.178571428571427,20.0625,,15.583333333333334,17.387096774193548,24.51851851851852,38.25806451612903,40.107142857142854,56.25
Yavapai,,,,,,,,,,,,47.5
Yellowstone,128.8709677419355,117.20689655172414,117.58064516129032,115.9,81.57142857142857,74.20833333333333,,79.1,49.90909090909091,60.96551724137931,54.53333333333333,82.2258064516129
Yolo,24.612903225806452,30.586206896551722,35.58064516129032,44.4,52.38709677419355,52.3,87.51612903225806,81.61290322580645,66.8,53.03225806451613,33.96666666666667,
York,48.16129032258065,45.05172413793103,37.564516129032256,41.8448275862069,52.0655737704918,60.2,68.62711864406779,69.24590163934427,64.75,44.049180327868854,57.228070175438596,53.50819672131148
Yuma,6.333333333333333,11.416666666666666,9.580645161290322,,44.25,47.407407407407405,67.28571428571429,91.86206896551724,104.86666666666666,14.0,28.68,27.774193548387096
