,1980,1981,1982,1983,1984,1985,1986,1987,1988,1989,1990,1991,1992,1993,1994,1995,1996,1997,1998,1999,2000,2001,2002,2003,2004,2005,2006,2007,2008,2009,2010,2011,2012,2013,2014,2015,2016,2017,2018
Alabama,65.64343473238353,61.2777618364419,50.86890914806665,53.375,46.29931972789116,43.773282764433205,53.32775919732441,56.336286749899315,52.83152377386747,40.42122830440587,43.77919754663941,38.457541191381495,38.393796526054594,44.306163021868784,41.11551759202766,42.98526625973479,40.71101916376307,39.60152636447734,44.04497786063855,56.58700022336386,56.55368507493328,48.12654690618763,47.39879319802523,47.23643276875216,46.9489038494735,48.33866031961918,50.47427101200686,53.06892857142857,46.958497613612785,41.4498678055725,48.87098668754894,45.809826344769164,43.267351037714796,37.89733919966478,39.93664675767918,40.804679945851866,41.17531948881789,39.41272587466359,31.26145038167939
Alaska,45.640611724723875,44.11322549952426,45.405693950177934,53.12228260869565,54.24225865209472,52.89937888198758,44.34086629001883,33.74179236912156,31.96130346232179,28.67484662576687,31.455179282868524,35.46969696969697,40.063529411764705,37.50414691943128,30.994659546061417,31.35585909417685,31.555384615384614,31.423558897243108,32.161764705882355,30.646048109965637,30.661184210526315,31.98181818181818,28.339259259259258,25.80628272251309,26.403361344537814,24.369781312127238,27.585012594458437,26.249685534591194,25.297251822770612,30.710402509147936,29.809251311397233,30.862021857923498,30.951452282157675,30.40193491644679,34.912448700410394,35.473838630806846,33.742613920881325,33.12006403415155,38.666666666666664
Arizona,95.08472686733556,96.81700331624963,73.25494901019796,70.97020910913778,77.00230946882218,79.99125262421273,75.16033755274262,56.08102253032929,55.45820063694268,56.926093514328805,52.73373408769449,49.41910192444761,47.83740883740884,49.85080469769465,50.779928680590935,49.17502160760588,51.63040841083704,51.28135343876425,56.05069124423963,60.23850377487989,55.952263952263955,54.61114911080711,58.22389592605272,56.00808249721293,53.02058414464534,54.0703722590515,64.92640905734679,61.64502694757472,59.47527472527472,52.31267806267806,51.88924757884281,56.617562380038386,55.28777142857143,51.13182423435419,52.1491926803014,47.59421841541756,48.779399323181046,50.95565977403539,41.26001705029838
Arkansas,41.81818181818182,36.0395256916996,25.95020746887967,26.542986425339368,28.679029957203994,31.851197982345525,31.641148325358852,35.47976878612717,36.75566150178784,30.90880503144654,31.55377996312231,34.37258130918073,30.416636658264313,34.776045627376426,34.17407975460123,37.78796012269939,34.559213015512675,34.40414110429448,39.22189781021898,46.11940298507463,49.3422117329737,45.62336477030727,43.85843023255814,43.04912280701755,40.99139927224611,49.169920462762114,45.43534190927556,44.734345939243646,40.6983880967142,38.401425914445134,42.85668417980152,41.94385679414158,42.1443986036179,38.233502538071065,36.12283044058745,35.20893516963386,35.391793514228986,39.478980470043034,35.718270571827055
California,68.64290930334452,65.09468114731273,61.87394106147274,61.742194604425585,66.6127562642369,66.43438513712769,67.22419378589309,67.29068743650525,67.92488608952024,64.63544649830773,61.66555377207062,62.03905421423669,60.52353896103896,57.20909704261779,61.15229308005427,59.51857492521077,61.28269241502484,54.50654349499615,57.562876526458616,63.67936024371668,61.831636774923254,63.767518990050284,65.66473738302591,64.03437193594074,60.10556756756757,56.33222337463835,59.985189605598656,58.129284164859,60.55011629793909,56.2646787747357,54.09474307874609,58.223466380926865,57.13448805551141,55.928693698512895,56.233763440860216,55.92085014796879,55.07653437203916,57.5311075781664,39.659222867351495
Canada,,,,,,,,,,,,,,,,33.472,38.93464052287582,35.644578313253014,37.90425531914894,35.409574468085104,32.13100436681223,34.76833976833977,20.622526636225267,20.661748013620887,26.608247422680414,23.046653144016226,30.0,,,,,,,,,,,,
Colorado,49.800237459186704,51.90758783584293,50.426010244735345,54.25461584276355,50.184624017957354,45.78583080866931,49.586961049781294,51.530944625407166,42.30239303843365,40.088225538971805,35.92039018250472,39.39321926489227,38.563983786913724,38.178561587214105,38.48799454297408,35.89664252797893,37.649419218585,35.73924221921516,38.274378207658906,36.135742444152434,36.98483263598327,35.372672402722486,37.796103896103894,37.05650224215247,34.30664439018121,36.83226386036961,38.641022428267135,43.0222194942303,41.05124582584126,39.34929810074319,42.35765427889533,45.88172750191823,47.21185692205785,45.74928806133625,42.4527407080622,41.392412105028924,41.26919739696312,43.0197807166271,37.48643678160919
Connecticut,89.88881829733164,76.45526960784314,79.17084826762246,84.05326460481099,71.52879868348876,67.94299413958444,62.166844919786094,63.11182450508293,67.7502569373073,59.50302724520686,55.06932668329177,55.96864111498258,45.7708245243129,48.94761499148211,51.46144013634427,46.59897828863346,41.674206176598524,46.18312309699869,46.393051485977395,54.42005676442763,49.18471035137702,57.33864965443913,60.32051948051948,53.94217862674238,49.05897568546301,53.503510531594785,49.6337890625,51.732400932400935,47.23405231757687,40.780834479596514,44.3406694176983,43.25443786982248,47.99682287529786,48.16150793650794,44.81336496638988,45.511609602518696,44.31000395413207,41.29352462194649,32.79661016949152
Country Of Mexico,,,,,,,,,,,57.333333333333336,54.81163434903047,52.91158536585366,51.25070422535211,62.91005291005291,59.15128205128205,64.4548919949174,84.78484438430311,89.27678571428571,96.39633286318758,88.93820933165196,88.45365168539325,81.26422250316055,83.72948717948718,77.21717171717172,76.39393939393939,80.67860508953817,82.87089467723669,71.62673392181588,62.67130214917825,59.21338383838384,57.81655172413793,49.77732240437158,43.60385144429161,38.657794676806084,80.875,73.4963768115942,61.708771929824564,62.165829145728644
Delaware,53.594648166501486,35.90580503833516,47.9370709382151,75.30490196078432,67.8613953488372,72.125,64.46378269617706,69.44498539435249,75.5625,67.65509989484752,63.42635658914729,60.63673057517659,51.594088669950736,65.95083798882682,63.436323366555925,63.09263392857143,59.820338983050846,63.36482084690554,67.55353075170842,69.26506024096386,62.03395399780942,67.49945593035909,68.51416122004358,61.95929592959296,58.25560538116592,63.91713325867861,60.30100334448161,58.18018018018018,56.274049217002236,47.31977401129944,53.69467213114754,48.41735159817352,49.73836126629423,44.87764489420423,47.20566727605119,46.3662100456621,44.99908759124087,43.83409715857012,39.337037037037035
District Of Columbia,79.22677595628416,76.81917808219178,72.59726027397261,75.94794520547946,70.9888888888889,73.2122905027933,72.78296703296704,72.28219178082192,57.5693215339233,58.11965811965812,63.989041095890414,67.58082191780822,59.03551912568306,68.01095890410959,68.07142857142857,64.98901098901099,58.78688524590164,60.35616438356164,63.704109589041096,71.18904109589042,64.84972677595628,68.81095890410958,69.52602739726028,61.33972602739726,59.5655737704918,62.175342465753424,61.62465753424657,60.8986301369863,55.166666666666664,51.057534246575344,58.605479452054794,58.74520547945205,60.17486338797814,50.0027397260274,48.78630136986301,49.76438356164383,49.70765027322405,51.26849315068493,41.233333333333334
Florida,45.38755727881565,49.54760225669958,45.59517158818835,42.92522644054731,47.79668930390493,43.00239442751415,43.05513231756215,46.27981384525887,45.70604147880974,46.99106025388879,47.409114904099944,43.31806528798496,44.238742449203734,46.303961302131,43.036420919974795,42.82241192737766,41.02016041621504,41.04439275963191,45.14105136436597,46.27229676400947,48.42579052321717,44.04535322359396,41.45050771897961,41.869720059632265,44.337933384445016,44.764105993479895,46.2432298136646,44.67737672420913,42.12199630314233,39.55168210628961,42.310756972111555,41.24708745022858,38.209484181074686,36.93567555522543,37.924913941480206,36.07771281905033,38.10018672795174,38.43419913419913,43.985250737463126
Georgia,35.5136,47.82469512195122,47.83274021352313,37.966113660430636,52.8387358184765,50.223015873015875,60.523947750362844,49.72767746722731,47.677360219981665,40.76306856754922,48.97674987763094,39.218628125716904,37.26879053796261,43.740518534390404,38.37218433560653,40.381858488823205,42.329582341484524,44.1543866693435,46.84433577832111,60.25478395061728,54.441225698467875,47.196594427244584,47.939275982872715,44.299987603818025,47.77410501193317,50.46307588075881,52.591431095406364,54.44203397612488,50.04500937695353,44.10672546857773,48.42636333950147,49.18879492600423,44.888678251711426,39.97857142857143,42.10104011887073,39.0282569584083,41.16924754634678,39.2145292112378,32.64053075995175
Guam,,,,,,,,,,43.198113207547166,30.285714285714285,41.1219512195122,,,,,,,,,,,,,,,,,,,,,,,,,,,
Hawaii,16.803324099722992,30.666666666666668,37.61917808219178,46.654794520547945,49.942622950819676,39.27513227513227,23.91346153846154,47.145994832041346,27.888583218707016,42.54590570719603,30.43465909090909,32.40755873340143,40.182948490230906,38.47826086956522,36.25575221238938,41.62636273538157,34.91933916423712,30.342490842490843,28.032374100719423,27.33892321270962,31.604129263913823,34.840992647058826,36.861333333333334,41.15803336259877,35.12725631768953,32.15830115830116,30.3756201275691,43.10985915492958,73.64100185528757,76.14797794117646,80.27306616961789,58.34441087613293,63.29224376731302,56.026767330130404,51.4704205274412,55.04735758407687,54.666895604395606,53.247083047357584,85.28888888888889
Idaho,90.5885989010989,86.06544117647059,57.92203147353362,58.39050535987749,66.20188679245283,71.88350419384902,46.216153846153844,42.87101556708673,43.78393351800554,42.82934131736527,39.156123822341854,37.423312883435585,36.48151001540832,35.59986550100874,34.70975463794135,30.834269662921347,32.41502753737215,32.162328767123284,30.653061224489797,35.319189511323,35.247185628742514,38.60462427745665,36.7004191484668,32.98955446599872,33.771315834620005,31.773949205406208,31.775331935709293,31.410450326572704,29.362566844919787,28.336807928913192,29.841568313662734,28.855056387502312,30.716728191179328,32.08287013643254,30.112356478950247,32.20992622401073,29.186507936507937,36.15467625899281,21.295833333333334
Illinois,59.0141037929618,52.07579273008508,46.899612994019,54.40475370306579,54.354604105571845,53.082417582417584,52.44466090344576,54.548704803022126,60.135659402947475,52.277374909354606,46.863184377620705,50.16295148408631,46.686089759484254,44.6148218398591,49.850046610733784,49.39281620175774,46.6001268230818,45.57257765128078,47.11429997504367,49.606118063455945,45.761470152935374,46.96490396016125,48.07004716981132,43.04261297120112,39.595243646537654,46.18432104526365,40.69181436567164,46.94379039704525,41.02133115747756,39.80027819636027,42.338282456348736,39.36187813118956,42.45945635967428,36.70317441724259,36.22663222170033,35.83281050307889,35.40859118213759,36.686494656158914,36.164739884393065
Indiana,66.82013134968503,66.97477275048514,66.06814099685676,68.93336097004871,72.186889961985,71.37212643678161,66.20336693338875,65.71403812824957,66.99459831074445,61.12749752720079,60.62776484284051,58.410261431508864,53.36212024644147,53.42430278884462,54.449428021293464,49.73170208199184,45.96472083907194,45.78729055986923,51.36754611754612,52.83678756476684,48.800071530758224,50.15204977414131,52.83795744680851,48.173780745499116,44.42524945036361,49.882069381079454,43.75525394045534,50.38477837104839,44.41172167870531,40.43165801186944,44.41741415239648,42.73374833259226,43.071255411255414,37.9514432382395,38.54553415061296,36.10232703909739,35.664258107881025,36.72671360362548,34.846046673632884
Iowa,42.73930530164534,38.38186923385479,41.15734912995187,46.00399274047187,41.763533709730986,41.78432068109259,41.749845201238394,42.57262974775297,48.03640500568828,44.12957582800697,43.01888412017168,40.65407386523823,39.878769039477774,37.66366366366366,38.315384615384616,40.67113494191242,36.71787549971445,38.097259935818315,37.2949888916317,42.089187245264924,41.90405117270789,40.204972972972975,40.088016112789525,42.10609756097561,38.378790882061445,43.024072612470405,38.90825878926565,45.064672594987876,40.83604021655066,39.55172413793103,43.28692449355433,43.69424393855265,45.032660550458715,41.39235485034259,40.99496402877698,38.83160157649588,36.745759685770395,39.36702021212728,43.80484429065744
Kansas,49.5153488372093,62.895121951219515,52.05464480874317,50.82768924302789,45.32380952380952,45.87793427230047,44.294376098418276,47.33479020979021,46.40325670498084,41.3061863743148,35.09270072992701,39.823938761308284,37.13179916317991,34.60059391239792,37.503021148036254,41.41589119541875,34.75581996896017,34.88726723704077,44.47924773022049,46.420533070088844,45.64185110663984,43.4240676662822,40.86626676076217,43.7142035652674,35.729694092827,41.12172532415983,42.6294777139732,39.48416666666667,36.160737138469415,34.49230381024476,36.52620967741935,42.18975139523085,44.04962327877371,36.8797450817401,37.14673278879813,36.40526315789474,35.42881894311291,35.409513087531664,
Kentucky,66.8543350768743,58.37821538461539,58.54431762991744,65.3241937432057,58.70399597044997,55.67972094498177,54.32208220822082,62.05306543019062,64.51310730513806,53.49929027679205,52.688431511710434,50.768642447418735,44.3622758047274,48.29563405002194,50.86922642574817,49.87633189752891,46.38855903174241,46.03391027905334,54.3338318187047,60.66380272260656,51.42513368983957,50.932231235239755,51.80773653946681,47.80798722044729,44.00834581639204,51.833000222074176,46.43754427390791,55.038770053475936,45.97554984927989,40.25460636515913,46.7614995400184,44.51231305521196,46.69961633942677,38.765888528984696,39.872023473648575,39.626968617082426,40.54332048083466,39.387115165336375,32.177358490566036
Louisiana,39.36700829673011,48.820803927585146,42.98484406878461,41.66461599523715,41.83719058160596,47.47757847533632,47.79603277274688,54.80250347705146,51.889429455992925,42.60899479778487,46.21794254533783,39.36801632140615,40.48158955120189,43.16798150163221,42.604733405875955,48.218082990852444,42.89411764705882,46.00716519020323,45.837891399128026,52.18573667711599,53.248008959681435,46.46817348808796,42.47608005857945,46.72948104527052,44.87209870510628,51.48695430826015,51.17697694776773,47.70811818703385,45.079407616361074,43.459375,47.644645999729256,47.84770346494762,45.33342271081914,41.309815950920246,41.20710701207107,39.92155731795241,39.549647838696316,37.37602215774202,37.18724778046812
Maine,65.49681238615665,53.58247422680412,48.97572815533981,52.08762322015334,53.00558659217877,50.69495756365452,47.85033076074973,47.53606237816764,49.179771996492256,43.33774298056156,41.53586723768736,41.00538028857911,37.939707835325365,38.83064716092239,39.96535013326872,37.87553750597229,36.246373186593296,36.19689737470167,36.4096281349092,33.543357664233575,29.273499267935577,34.480669710806694,34.29556943205471,34.33268545513444,33.35614702154626,36.53272727272727,36.67283950617284,37.98428222144604,35.98145780051151,34.09238095238095,35.14212096555465,35.43991481594159,35.35419198055893,36.14764304773199,34.89453357100416,35.53672158614912,32.80005448106783,35.42567567567568,38.833955223880594
Maryland,64.2893600314095,58.50332594235033,58.006682867557714,62.45949142519219,52.51177513294505,59.5477167076839,59.1054114994363,60.32569750367107,65.25022448368752,52.0189205955335,52.59943661971831,61.53633004926108,45.67636464394569,55.072079536039766,51.33296337402886,51.32278835386338,47.504366812227076,51.82790567097136,60.6988567990373,61.15438695163105,54.23839955543207,60.9925393755181,64.6904332129964,53.48709280885065,53.414188990285545,55.59799525191242,54.980572328695196,57.89959016393443,52.48681592039801,45.156493047372145,53.36085766423358,50.460863845647886,51.03724989357173,43.81761945392491,44.25935613682093,45.373291063998415,43.97028144066129,42.02065373563219,36.44876886417792
Massachusetts,62.73776104073947,56.774647887323944,69.21616972477064,71.83402860548271,68.79273504273505,66.75175572519083,63.971068754254595,62.69348778960551,70.54864864864865,60.42298850574713,55.982768523836874,58.023965763195434,54.64104029722778,53.33754668198794,53.23112128146453,47.63651974813967,48.514608859566444,49.42147435897436,50.32023010546501,51.65990783410138,46.42410855159356,52.654434250764524,51.7864476386037,47.46620606788826,45.33287820862916,48.75747688961392,45.851592851592855,48.37444589308996,45.571391884951204,41.146659707724424,42.75146571501402,43.31867576446803,42.28157827312324,41.5854075158614,39.87845891868881,38.86413280908694,38.12396694214876,39.386170212765954,38.701298701298704
Michigan,46.61353293413173,45.971534982708164,42.65072269408434,42.271013103227865,41.11571611956721,39.81342062193126,40.53061966200254,42.0466842626196,43.327060931899645,43.65034836817015,41.41927527983305,49.06793393580555,36.08500870666455,37.970301484925756,42.857571714476315,43.540977901513834,43.58233481684355,42.523034699078615,50.2455627072362,52.02995234853642,42.85417956656347,48.34918254087296,48.885943190094686,46.452391464311994,42.9835215135795,51.39839282954721,44.17245222929936,49.33343989769821,44.900296638101516,41.81749180610661,43.10870301388419,42.188363524715996,47.37484329293773,38.688056079805875,40.25822368421053,39.269354043392504,38.39106901217862,38.00568841420942,24.896296296296295
Minnesota,47.705178309721546,44.664599940950694,44.51989389920424,48.551787016776075,42.758418740849194,40.67442497261774,37.857179619145654,40.558736954776556,43.38992332968237,38.646068660022145,32.68071203244705,34.8828125,31.83233082706767,32.6758304696449,30.887820512820515,30.96059687572861,28.220380739081747,25.863196683555966,29.134023285899094,29.69697739395479,31.517679282868524,31.563106796116504,33.46114388304694,41.15937101572461,38.45623501199041,41.4496776504298,37.21682794817123,38.642822697315545,37.29738033635188,36.465446148771235,36.1303429221518,36.02588466579292,36.34294409738908,35.99068018312622,34.3685731670216,33.91314800901578,30.515946348733234,33.7428400954654,31.618393960192176
Mississippi,35.997091332169866,32.34970414201184,28.147058823529413,31.278622898318655,38.013782542113326,38.41481481481482,42.993640699523056,46.772324471710974,49.28630441690499,39.39610175090849,48.13913851874806,37.36258523569523,37.78363636363636,39.16377497371188,40.166261808367075,45.424993193574736,41.43762662807525,45.12182890855457,47.05132291998725,56.29297820823245,56.99684924866699,49.12954186413902,45.57254623044097,48.99975454099165,47.42633015006821,54.204274891774894,53.4025056215869,50.942067736185386,46.96783980582524,42.623453152622275,46.23134543359262,45.16157894736842,42.761572052401746,38.35490070467649,39.39596879063719,37.28334357713583,37.66792097836312,36.435210834102804,27.442307692307693
Missouri,72.34592245989305,57.27081276735768,55.75145697634556,56.09604357798165,57.13815789473684,54.80560177481974,54.60966129927818,52.43580653329957,56.11706599411517,52.276595744680854,48.293140794223824,50.59427207637231,46.40671011344436,44.21138211382114,50.81736938588451,49.97956656346749,58.260403790688095,51.03492407809111,53.21692272414584,56.429908485856906,49.800106990014264,47.99361077534105,52.33350794482277,50.049391185045444,44.54483378256963,52.058308055274686,50.916811695092235,51.36384122031548,46.96377331420373,43.68933793330048,48.66946688206785,49.69720670391062,51.45932864949258,42.72686613201727,41.37869639263044,37.46309223228873,35.24657733760559,36.05022038199546,
Montana,51.75010752688172,42.168261964735514,48.932642487046635,49.124598587026334,34.74864376130199,46.901904212348526,56.45974416854778,53.35464733025709,49.44419916605347,43.1473164158994,43.46503198294243,39.801092675030354,36.80746738641476,39.274230072463766,41.19204222492895,36.33865077839708,32.93236903831118,31.45028409090909,32.89178587909552,30.940833706857912,33.63945578231292,30.17840670859539,24.846556886227546,25.46554067171423,26.632991490290202,27.899228130360207,30.02019557823129,31.72506448839209,28.881230116648993,32.54376823676532,34.99908088235294,35.82746547364326,38.311874646026055,34.698435027255144,33.97582719012515,37.23301630434783,32.977253437446954,43.60698299015219,21.127777777777776
Nebraska,49.521781219748306,37.53294117647059,43.21643835616438,37.76575342465753,34.91393442622951,34.76100628930818,37.40567612687813,37.26315789473684,44.265306122448976,39.17531305903399,36.405452946350046,35.985915492957744,32.29177057356608,29.219761499148213,31.30844645550528,30.779339423752635,32.17729393468118,33.31692573402418,33.43348623853211,36.60738007380074,36.15810732833237,34.07712215320911,32.818268770923005,33.729001584786054,32.49975037443834,35.37676227515799,33.12615859938208,35.6849593495935,36.56908417151932,29.83951271186441,34.08358817533129,35.24896093100582,39.69376026272578,34.00132802124834,32.00270880361174,32.163549369291,31.772727272727273,33.65734265734266,35.515669515669515
Nevada,76.89329685362517,64.07136997538966,64.57257142857142,42.86910197869102,65.49282296650718,63.32045303131246,59.300708306503545,45.53935483870968,53.50552147239264,49.56332179930796,57.93580470162749,54.97149643705463,48.13836017569546,45.06060606060606,49.2523782876329,46.30634201585504,49.812395309882746,46.36784351145038,46.86370023419204,49.65718038528897,46.047916666666666,45.29351814105177,44.154097024052184,44.52055955913523,38.988627748294164,39.28209899516189,44.5503746877602,40.04730203223546,37.35830731876518,37.2086005281026,36.525266414575455,36.86486486486486,47.44159875824602,48.093955094991365,44.60115215181295,42.45986124876115,40.31037706450608,40.42528735632184,48.410404624277454
New Hampshire,71.36733287388009,61.120996441281136,64.90783410138249,54.99429657794677,63.18572418572418,66.05829903978052,62.0554794520548,58.871565934065934,63.85968514715948,57.88578680203046,52.75447227191413,47.62814748201439,45.483311081441926,44.69977728285078,43.61768707482993,40.22101939557961,40.168826619964975,39.07750085353363,41.559057730590574,42.69671007539411,36.745959241040055,42.92184300341297,44.101858470335955,44.15396888711607,43.106421194431974,45.18638647784376,41.409693644261544,43.858058608058606,40.66930518909411,40.606543263021955,44.466638865721436,43.60033444816054,39.83991683991684,39.54704412989176,39.131502288805656,39.502508361204015,37.85970636215335,37.7196939186468,32.47457627118644
New Jersey,66.91633603588063,60.952780153977756,61.472696245733786,66.89229968782519,60.844106463878326,62.98390167907218,57.89343360234776,59.83557747013086,60.86803896342584,55.196877869605146,53.58595641646489,57.9787701317716,47.37757145457856,52.685709104098656,51.58012646793134,49.464637421665174,48.44176417641764,49.697824914614415,50.440181374258806,51.03653777935438,46.58170731707317,51.24978058627348,53.378467406380025,47.000702123924874,43.859391395592866,47.386826973340305,47.31046676096181,48.18288881191548,46.19368600682594,40.373951737121345,46.9524407753051,45.81836042150384,45.84840622683469,42.14831211953514,41.77200073488885,43.32851919561243,43.0732813350263,41.316156736446594,28.29310344827586
New Mexico,52.01108545034642,59.6839056681837,55.240257131378065,60.53002821442966,51.641139474657784,45.82916368834882,49.72659906396256,53.26732673267327,47.16056518946692,51.75550337540358,47.63056528264132,46.68500757193337,44.51463597698274,40.89346660165773,39.16752698263726,37.4750122488976,38.817843866171,39.558156727451944,43.574619538537064,41.62824062421344,39.53299736021118,36.51839464882943,37.44911504424779,37.868873492430076,34.941009055627426,38.86399801093983,41.43719182906786,38.84760344121262,39.721730382293764,36.137972405518894,39.05263157894737,42.66565226212214,43.06587803385682,43.00665322580645,39.42686935086278,36.2390180878553,38.31145741878841,43.17143532750059,34.7939393939394
New York,68.44708503527664,61.440939934656946,59.66506053867062,61.54234955586138,58.155426698600785,56.012831585441084,54.140956490471055,55.0128750151828,58.40073810129804,51.8769307424016,49.34576964737032,52.030019367333765,43.68918640576725,44.88799274120375,46.451603325415675,43.10050866616428,41.52474314261476,42.6146771037182,44.13540142425129,45.986603700848114,42.28418724659049,46.21368993653672,47.11817849972623,42.86153987504594,39.037178092129125,42.91754177700667,38.87623581105822,44.65079082992714,42.576848761637095,38.97964942283027,41.02183995277848,39.63460072825811,39.56504100129478,37.61760154738878,36.69109694862881,38.05175438596491,37.21091617933723,34.2185497161692,33.25433526011561
North Carolina,57.506,54.98420098420098,42.26607244452873,42.83571814254859,42.30806360022714,46.74461590639308,49.487566813850805,45.482534373838725,54.349514563106794,43.66218551949299,45.2682210031348,39.846328110251086,38.4,44.99684622177369,41.75479719636907,43.35109551159328,44.884127528282484,50.49184197024115,55.40128410914928,57.74135687732342,56.546899119222736,55.84092315854629,59.33534827490003,50.79317773788151,47.252505190936176,52.94021262069638,52.103725222146274,55.453682319733126,48.56975659401238,40.98974230673005,46.64427798585102,44.33888255416191,41.61626583718989,37.1833432304038,39.06040756914119,38.29975449433753,38.50978989718373,36.40114379084967,27.042168674698797
North Dakota,24.54609929078014,27.982365145228215,34.63632053105737,33.07479601087942,35.30660930778256,36.421155347384854,30.609666564698685,26.627421758569298,33.27823485415109,26.27215888194189,23.852459016393443,22.56102564102564,19.734680357734348,19.14459712679575,20.20403971242725,22.83067867036011,26.921782762691855,24.933765882670993,25.132269099201825,29.207428847081523,28.101529902642557,28.975182863113897,29.729593193299653,30.67183098591549,30.943995541933685,31.592958975851033,31.889501240011022,29.92943437671609,32.80870066263325,32.96166717371463,36.19483870967742,34.875864236329356,36.51944106925881,38.77621522470193,36.46144468149954,36.977802137571935,31.414325068870525,35.39939101750824,36.404133180252586
Ohio,62.2515165655623,60.69623790040914,64.1152459814905,61.84284485230857,60.261528072544856,58.18375355636221,58.11803549319026,59.80490512716997,63.80354299363057,57.941484389605534,56.01779573590096,62.30344486566672,50.68450771433116,54.44338130634193,54.67521436660734,49.24356320887491,48.53712045378712,47.05239267579628,51.96734251663829,56.160250057177706,49.8925600559745,53.129278146200164,55.083911862360395,49.559183673469384,45.498785117691725,51.08565361019349,44.063320340466156,47.70770946161198,43.903331208160665,38.6827772911856,46.38958570885595,43.861616086666174,45.33445617186915,38.975798345318175,39.19762235602903,38.32567432567433,37.789753466872114,36.49022232136218,31.213546880213546
Oklahoma,44.81451104100946,46.51367781155015,40.763623978201636,38.12046783625731,44.448616600790515,45.617543859649125,45.311398354876616,42.64319591390004,49.70884658454647,46.73961499493414,41.827148110999666,38.566968781470294,36.65038650737878,30.83555703802535,36.9236974789916,38.034955896765766,34.82842343800583,37.82434381309489,48.57755863539445,42.5007164790174,43.979144942648595,45.92738665683745,43.893256578947366,45.63620178041543,41.59576868829337,46.2273867492991,47.65670161518844,40.92028254288597,40.86159923716115,41.99850908105178,43.760945370011626,52.15761154855643,48.73715144887917,42.913949532180325,41.196298297757366,38.24470354045216,37.312982805880885,37.89772466099747,33.13526284701713
Oregon,49.579764705882354,51.554545454545455,46.44888059701493,43.632047477744806,44.79552053090004,46.7427665477606,46.0066322770818,47.27980922098569,42.69198438907235,44.72338884866039,42.712386284114764,41.506472491909385,40.30621693121693,37.45615763546798,35.69389088533159,32.50597738287561,33.839894144889186,30.750327653997378,30.431681178834562,36.174116997792495,35.513191098875886,34.3377034358047,37.27839643652561,32.14885145482389,34.43832671957672,33.89952619843924,33.072020309994656,33.76986154052964,36.066743827160494,35.431762366974624,29.670859538784068,32.40029236204166,31.82720677146312,37.08979000724113,31.88448471121178,34.270202337564406,28.40391741662255,37.29720457433291,
Pennsylvania,74.99135406498397,64.41866438356165,67.47575140701713,67.30966893749253,64.36227758007118,64.41445463320463,60.16294238434593,64.01582125603865,69.35526641883519,59.10725326991677,57.3872554627617,60.77898899219836,51.89206008583691,57.38001530556467,58.293029209821945,54.83088919925512,52.300372538584355,54.67035596769369,58.05894211385235,59.06096076411649,52.47840858292356,59.41881014873141,59.27154570830426,53.10154140903945,50.67101737401677,55.51097787535889,48.29796802131912,50.67655686866147,47.80536339567854,44.14947965941344,48.45273127008287,46.77037896365042,48.145995118704235,44.92879499217528,44.429437785388124,45.22334766450484,43.070753344968004,42.51701818181818,37.07258064516129
Puerto Rico,37.14373088685015,39.10948191593353,38.065525383707204,33.20445609436435,28.2094682230869,27.655456417295813,25.18,23.51487252124646,23.21272834413671,23.0928013876843,26.957066189624328,34.891851851851854,31.76613272311213,31.795957651588065,34.47162340519138,28.835800185013877,27.449781659388645,27.728576967816984,26.98606133014735,33.537142857142854,32.209154929577466,30.67924528301887,29.10474430067776,24.93094944512947,24.350518433179722,23.954267404602387,25.57757757757758,22.085617493070526,20.576271186440678,17.904633982538616,17.751805646749837,16.78732726659926,21.817781690140844,19.31063829787234,19.40206896551724,21.46114864864865,20.696554149085795,21.30952380952381,
Rhode Island,71.7816091954023,63.371308016877634,60.07747489239598,57.65860597439545,64.80630630630631,65.17206477732793,61.11050724637681,61.005464480874316,65.77490774907749,57.34345351043643,52.12780656303973,55.26232394366197,48.922413793103445,47.88990825688074,51.06993006993007,46.96806722689075,45.86046511627907,47.26323987538941,45.21105527638191,49.206225680933855,47.10526315789474,55.804111245465535,53.93333333333333,50.28645161290323,46.962724935732645,50.08735332464146,46.19721871049305,48.713010204081634,44.800501882057716,37.67203682393556,40.81182795698925,43.54237288135593,42.87062256809339,40.66329346826127,36.953339432753886,42.03508771929825,38.62627197039778,36.015799256505574,34.25
South Carolina,52.84084720121029,49.009073925807314,43.22075584883024,46.22171581769437,44.20663195395999,40.19786558984713,43.63280521901211,49.94449830344159,52.58219470538002,39.84378486944878,47.62803738317757,39.13392857142857,39.72432271509378,46.5930825409949,41.062688713156,42.78123149792777,42.97615239203141,46.749033600951535,53.08222490931076,54.889463849360354,54.240832507433105,51.28787031861375,51.151153433476395,43.68108808290155,45.53797056141722,48.097481279782166,47.89963379899634,48.762415349887135,46.436026352288486,38.15300203793698,43.56472392638037,44.528028028028025,38.974830954169796,34.84257285003554,37.252106867491484,36.75364120781528,38.80365605958023,36.81129476584022,37.104620286776424
South Dakota,,,,,,28.743515850144092,24.31234256926952,26.345403899721447,33.967619047619046,29.598319327731094,30.73449920508744,29.345781466113415,29.883551673944687,24.22680412371134,31.488054607508534,29.811544991511035,30.49829931972789,32.0848896434635,25.395620437956204,35.08662420382166,32.96153846153846,32.59156976744186,27.24329268292683,34.832460732984295,34.827505827505824,39.56952965235174,38.62153419593346,35.95702962035878,35.33320327740929,35.146534653465345,37.26078366809352,36.26946107784431,42.028618421052634,40.30705531632991,35.82876033057851,35.93711248892826,33.03680800942285,34.16912197996464,
Tennessee,69.76154791154791,66.88383900928793,57.20947109471095,57.30029769288018,61.66212534059945,59.1792732166891,60.425724886629105,59.02148045124401,60.30568779754447,49.42502937720329,52.61680235187698,46.591726420297846,45.24213047445255,49.601199230682205,48.68602173449819,47.22743525842453,49.96049555867228,52.42672007540057,53.69671460306325,60.14496427748329,56.21442125237191,50.998105063690915,49.35558265883136,50.546105419084064,47.49701055845312,50.49083105735466,50.3484995159729,57.113803038239915,48.433058375634516,36.940586537000456,45.88248129675811,44.58896492728828,44.54907040536422,39.90902322811197,40.24598046581518,38.772261623325456,40.998315931289994,37.74031443009545,34.780538302277435
Texas,62.45686059275521,60.68699804645105,60.244128787878786,62.7123237502289,63.13654024051804,61.775633293124244,57.95268443414446,60.61283467913302,59.468190346239126,54.24279319606088,51.722091310751104,48.61231776257066,49.15486857825567,46.388115551564134,48.99284880326912,55.04591406908172,46.787870656111636,48.84176117411608,48.62649612766956,52.45469580626108,51.93248342682305,49.01149105736262,48.97010086455332,50.29535864978903,46.598210369330644,51.36414716748769,49.78669363902,45.29504420833643,44.32500362161379,42.83951300498063,42.402933918289,47.97390017489573,44.98852058144274,42.61591999459423,41.02031324806785,41.183073061907415,38.67560559535995,37.67626607593379,35.39613526570049
Utah,49.535015060240966,66.50634696755995,77.18812463256907,66.39381797366914,67.80709677419355,70.20551724137931,68.55890410958904,67.73836065573771,63.689926547743966,61.03,55.93273542600897,53.60460358056266,56.58610117526827,51.56284403669725,50.449159663865544,40.95915336056443,44.13092475969506,39.88478941872607,51.22088006902502,50.752470992694455,47.185993111366244,48.15309332401258,51.39650445510624,47.940283051432516,50.28457361865219,50.47523838818825,51.27700242718446,54.3674364220988,52.05957446808511,50.7689110556941,51.19234617308654,50.06705351386202,50.626456071076014,53.910646005232444,45.65579347608565,45.74225941422594,47.048319789150014,51.442567567567565,41.0353920888272
Vermont,33.92307692307692,31.990654205607477,37.598169717138106,35.90987124463519,36.65151515151515,35.34701492537314,33.50730282375852,36.72163120567376,40.331546023235035,38.767395626242546,37.20668693009119,39.287776708373435,35.39907407407407,37.4102096627165,41.63618090452261,33.7057761732852,33.29326047358834,34.68547641073081,34.983669548511045,39.57493188010899,34.95590994371482,40.00673724735322,39.96416083916084,37.72527472527472,35.03147699757869,37.03923138510809,32.58699059561128,34.66898954703833,38.92056487202118,37.917355371900825,37.970749542961606,41.22627737226277,36.39471511147812,36.74607113316791,34.619322873658135,35.166528583264295,34.159203980099505,35.576182136602455,
Virgin Islands,,,,61.28169014084507,59.92528735632184,48.4080459770115,53.41782729805014,47.329577464788734,40.33516483516483,52.81274900398407,34.228882833787466,43.46049661399549,47.4647577092511,41.82197802197802,46.66289592760181,21.061624649859944,21.013574660633484,22.546,34.72697899838449,27.545572916666668,30.72938144329897,23.785615491009683,29.613698630136987,29.11989100817439,23.485549132947977,18.11046511627907,22.179841897233203,22.122844827586206,28.362903225806452,25.43412162162162,20.238095238095237,20.908523908523907,12.498969072164948,20.588541666666668,31.21019108280255,33.054421768707485,24.333333333333332,24.6056338028169,
Virginia,52.91521367521368,47.92682537146509,45.406056860321385,49.5854115611936,43.42256820060623,45.81957773512476,45.79517080532309,52.90835501590055,52.32745314222712,47.101290412099345,46.45482506728182,48.80087866649438,42.86706746826987,49.90078560567663,45.15163267859377,44.265106711236825,42.194662885136005,45.51169704019646,48.64270208147108,50.51880051540354,45.34242388621136,48.010777344645724,49.97396490423213,44.56173644881983,42.639074427480914,45.258605904691905,44.086988483214895,46.735353776398995,41.69592728946157,35.81407611187529,42.54405594405594,39.18837991174617,38.252026605695285,34.72372238339656,34.67985099156349,35.36902025177887,34.28744518809139,33.553525641025644,22.787472035794185
Washington,58.431726168568275,57.93811881188119,54.79740168539326,53.08295081967213,49.69051282051282,50.799033324853724,51.011518570756934,52.571122536418166,50.12373096446701,47.2549705046974,48.212857142857146,47.441372955540196,42.95523685354194,37.88861232109521,37.04203187250996,35.51919232307077,34.74541148608644,33.798977505112475,32.36016779864163,33.47050418452746,35.85488447507094,35.53740428038484,37.40682137834037,37.24580115238445,35.23623524219354,33.50606348202046,34.68886774500476,32.42754799885376,32.32328582434515,32.00694779504005,27.436015831134565,29.080428954423592,30.62313827231671,32.234779148428174,29.28281610926986,32.02363146874065,27.0719794344473,34.04271186440678,29.412422360248446
West Virginia,65.96866096866097,46.707241910631744,76.31954887218045,81.79417738659444,79.70520402128918,73.61863922241281,77.9669678147939,81.0654283337954,83.4591439688716,73.71132867132867,76.04734073641146,74.17451367352693,65.53193773483629,71.24374176548089,68.67760567077973,57.30627114233672,54.785510996119015,57.45416882444329,63.04442670923118,66.08682782437099,60.717117537313435,60.38421645997745,59.034467222347374,55.64058624577227,52.72035238310368,56.50558659217877,53.373668925459825,57.05660835762877,48.432412790697676,44.770050884419675,43.6884765625,39.69175709997691,40.914746543778804,35.529685681024446,35.69418742586002,35.27668172094129,33.584973595775324,32.420361247947454,26.82191780821918
Wisconsin,53.86855097506788,56.51931865392605,55.99680464778504,57.42402568968034,56.908363116511794,53.9823997765051,49.94078196347032,50.26208829712684,58.38489663900999,47.84705257567711,44.000276319425254,45.51213133807933,37.653598431811815,34.256593110871904,38.27449864884085,42.20042826552463,39.81309216192937,40.414293849658314,43.816060770482906,47.30770255863539,43.07730742539903,46.622371967654985,46.86204611714816,46.332961983010726,40.21035466775377,48.038368661121545,41.85194495898386,46.076415826221876,41.63169111194685,39.49053747161241,41.950427129174216,41.91744122471296,45.36459982945548,40.04152249134948,39.796079909536374,38.420195838433294,36.87174048658765,36.8630624426079,33.30701754385965
Wyoming,,,,,20.6,34.74744027303754,26.841437632135307,38.17893217893218,35.65450643776824,28.144329896907216,27.509054325955734,30.149425287356323,28.980965329707683,26.472556894243642,31.44310776942356,33.23956043956044,24.351697273233167,23.485945945945947,24.301162203132897,28.856412876852325,27.78886925795053,31.229587712206953,32.34473584188522,29.76301992310381,27.405396618985694,30.58853341780171,34.51103512589369,36.538403424830015,35.80914725368668,33.24104166666667,34.7623335209154,37.40356764394207,41.100682593856654,41.96116335771508,40.17622116689281,40.55043374723592,40.52829235432806,42.99237047551455,30.01453104359313
