County Name,01,02,03,04,05,06,07,08,09,10,11,12
Adams,27.777524580645157,36.35139579310344,37.52618051612903,50.40555556666666,59.50613596774194,69.62500003333334,73.50268816129032,71.39183025806453,60.930555533333326,51.271505322580644,38.57023803333333,35.974964935483875
Albany,21.08333329032258,25.507183965517235,31.883064483870974,45.524939566666674,56.13306451612904,68.2680555,69.5900538064516,70.31182803225808,62.68472216666667,50.43997586666667,35.77222229999999,34.50806448387097
Allegan,24.274193483870967,26.635057448275862,28.7262124,34.1388889,55.34274190322581,66.2291667,67.14381716129033,71.47983877419354,62.869444400000006,52.104838709677416,36.10526044444444,33.730706600000005
Alpena,62.62499996774194,66.65086210344828,75.71505377419355,95.97916663333334,118.09946238709678,140.87481883333334,146.49731177419358,155.21102158064522,138.8847222,116.54032248387098,88.85555553333333,80.76344087096774
Amador,45.58467748387097,50.024425310344824,50.97973358064515,55.1847222,60.19086029032258,68.88055546666668,76.55779574193548,74.26478496774193,64.63650793333333,56.05193058064516,48.544444399999996,33.46330058064516
Anne Arundel,30.623778096774192,35.126436793103444,39.57965170967742,54.36249996666667,60.49731182258065,72.59842168333333,73.1227904,72.31076441935485,67.01488096551724,54.97024280327868,39.08787883333333,38.936827935483876
Arapahoe,29.50470427419355,37.49839055172415,38.18565922580645,50.075211366666665,59.47273838709678,69.53511905,73.8277524516129,71.69398666129031,61.13222225,52.03620647540983,40.43250862068965,36.52892703225806
Archuleta,19.724462322580642,28.838080999999995,33.407258,41.86171490000001,54.634408483870985,60.78333336666666,65.55241938709678,62.596774193548384,52.39722210000001,41.70503416129033,32.118840533333334,21.189566774193548
Aroostook,9.651881709677419,13.208333310344829,23.59811832258064,37.7125,48.808380032258064,62.40833336666667,65.09811829032257,63.635176580645165,54.812500066666665,41.288048741935484,29.277777766666667,24.939516193548386
Ashland,8.315860161290322,15.432471206896553,21.783602129032257,32.8611111,45.04166658064517,59.520833333333336,62.45430106451613,67.28494622580645,57.8288889,47.299731161290325,27.329166666666666,18.504032322580645
BAJA CALIFORNIA NORTE,56.91523488709678,57.64515570114943,58.39351854838709,62.95664250000003,64.74417561290325,66.00875603333331,68.88631115789471,70.8202088442623,68.21546170000002,62.67560778225807,61.37976640833335,57.736444193548365
Baltimore,31.673503903225814,35.96982755172412,40.56773019354839,56.250485850000004,63.6319302,75.77038692857141,76.22621553225807,75.16620503225805,69.61217943103449,58.24731183870968,41.918055566666666,40.866935580645155
Baltimore (City),31.7962141,36.79140537931035,39.70814172413794,54.667387827586204,62.16935483870968,74.43166666666667,75.44139080645161,74.95890318518519,69.78242756666666,57.90053761290322,42.959722166666666,42.23387099999999
Bell,25.42582414285714,28.464080413793106,32.10618277419355,43.34661833333333,55.69623664516128,61.49199562962963,61.38306438709678,60.9844697,49.218254095238095,42.49731180645161,31.920833333333334,32.99596774193548
Benzie,20.3037634516129,21.380747034482763,26.662634354838712,38.326388933333334,51.76478490322581,63.24722223333334,63.65591406451612,67.27688170967743,59.403349766666665,48.532258000000006,33.541666633333335,30.03472216666667
Berrien,24.62231183870968,27.84339089655172,31.508064419354838,44.26527776666667,56.547043,67.29305553333333,67.20161296774194,71.08333338709677,62.27222226666666,52.68467738709678,35.76944453333333,30.938171999999994
Bexar,52.109531574074076,57.636953896551724,56.77619128333333,68.91869918333332,79.14660243548386,82.48623183333333,85.12854838709674,82.24839119999999,78.02227342372879,70.93651333870964,60.490378135593225,54.89237679032257
Big Horn,14.2190860483871,25.99425284482759,26.661962387096775,45.85168650000001,49.53897848387097,66.70624996666666,72.38172041935483,72.7090054032258,58.52569441666667,43.2108294516129,23.727083366666662,16.42028979032258
Blount,34.78856487096775,36.86302065517241,40.89025238709677,51.97756366666667,65.48831229032258,69.60530306666666,70.74993016129032,70.55534129032259,63.72953446666668,56.78698616129033,42.244574766666666,42.00268819354839
Boulder,29.47724790322581,37.54877888888888,37.19623658064516,50.137198100000006,58.5751784516129,68.25439176666666,72.28006083870967,70.42040670967742,60.092934666666665,51.99438983870968,39.29148550000001,37.71353438709677
Box Elder,,,,,,,77.86944433333335,76.26075267741936,62.4060994,52.17473112903227,41.441666633333334,33.856182870967736
Boyd,32.91801074193548,36.994252931034474,41.36559138709678,55.38574870000001,66.13440858064516,73.65833330000001,74.1464461,73.84408609677419,66.4611111,57.72317677419354,40.959474099999994,42.36424722580646
Brazoria,54.691924290322575,57.54105244444443,58.122545612903224,66.90138886666666,78.21261077419355,81.902476,84.98054,82.25232161290323,79.09169279310345,72.3444789032258,65.0435606,59.51612909677419
Brewster,53.776238870967745,59.00093703448275,59.10483874193548,70.09444443333334,83.86828814814817,83.51881316666666,84.39416669999999,78.59079506451613,75.52883836666666,69.04973125806451,60.884722100000005,55.4081284516129
Bristol,27.74303609677419,28.06635315517242,33.760618290322576,46.69117061666667,55.86136538709678,66.02013888333333,69.53205353225805,68.99120238709678,62.23051676666667,51.63654691935484,38.5826389,38.269888048387095
Broadwater,19.023666720000005,25.21141213793104,26.524193612903222,43.25416666666667,44.958333290322585,61.47993510344828,,,,,,
Bronx,29.05299535483871,31.284072275862066,36.31451616129033,48.97475836666668,57.956989193548395,67.78194443333334,70.39516132258065,70.8225806451613,65.7638888,55.71157226666667,40.642857,
Bullitt,33.555555523809524,43.433908103448275,46.4502689032258,57.85694440000001,71.14964622580645,75.95249996666666,76.97907064516129,77.20002438709678,69.6625,61.40860222580644,47.220833266666666,46.673387161290314
Butte,37.765352586956524,42.997126448275864,48.05720296774195,53.345973775280896,59.45017759139785,69.66728314606742,77.00239800000003,74.91583951685396,64.15015815555556,55.13036982795696,47.625098692307695,39.98105286021505
CHIHUAHUA STATE,,,,,,,,,,,,54.003472166666675
Calaveras,44.69086022580645,49.92672410344829,50.98425490322581,56.12361106666666,61.29166667741935,69.9777778,77.547043,75.6027615483871,66.63333326666667,58.94086012903226,52.824999966666674,48.87719567741936
Cameron,58.73377493548387,62.79493503571428,64.19297325806453,71.20594480000001,80.446149,83.25797106666666,84.96370970967742,83.05637648387098,81.19544278571428,76.99596777419355,70.37222223333333,64.7144109032258
Caroline,33.17028987096774,37.21120696551724,41.78494622580644,56.2793479,62.60325100000001,72.76509353571429,73.99731180645162,73.11155919354839,68.25736713333335,57.80779567741936,42.24861106666667,43.95909293548387
Cecil,,,,52.05271733333334,58.799731161290325,70.92774042857143,72.17338709677419,71.83145151612905,66.28055553333334,54.620967741935495,,
Chautauqua,23.2023141827957,24.43115747674419,29.737903225806452,43.67658630232558,55.11540013978496,67.62175923333334,67.92589111827954,69.09116131182797,61.333494366666685,51.80824970329669,34.98507892222223,33.12238917391305
Chemung,23.112780967741937,26.544540241379305,31.34087187096774,45.02204100000001,55.491935419354846,69.12403383333334,68.96505377419355,70.55850161904763,61.72638886666666,50.90555553333334,35.03194436666668,34.96639787096774
Clackamas,40.14264841935484,41.51149437931035,46.28225806451613,,,,69.2282024516129,67.14381716129033,58.77638890000001,51.69758064516129,43.869444433333335,41.255201032258064
Clallam,36.80107532258064,39.053348241379325,42.853494612903226,46.35580535,48.58368390322581,54.333333366666665,61.47311832258064,60.56048383870968,53.712643758620686,47.51881716129033,40.379973448275855,35.090918851851846
Clark,31.094086032258062,35.92878568965517,39.777992129032256,49.7785087368421,67.91884608000001,73.2584239,74.19086022580645,74.61979893548387,66.27367146666667,57.18425667741935,42.34166668333333,39.973118290322574
Cochise,45.375642806451616,50.09861551724137,51.238195419354845,59.39444446666666,69.959619,76.23891767857143,74.22349229032258,72.94215428000001,66.26419083333333,60.20689580645161,51.57916663333333,44.53333335483871
Coconino,35.47516364516129,39.981134275862075,42.17607522580645,50.44957723333334,60.299327612903234,70.69860696666666,72.43623653333333,69.80213366666666,60.19919973333333,50.65275829032257,41.707548300000006,35.61740299999999
Collin,38.446411903225815,49.29310348275862,46.44939219354839,67.03375606666665,81.32155203225808,79.98126013333332,84.1769535483871,79.29803272413793,72.80542676666667,63.66228832258064,51.56479466666667,48.73655922580645
Columbiana,28.07443300645162,28.7433908,33.17223640645162,49.54333331333333,59.14590839999995,70.52083334666668,70.88158177297296,71.2210751827957,64.29444442222223,53.49551970430105,37.09344048876402,37.43877033513512
Colusa,47.0040321935484,52.23214294827586,55.39045703225806,60.1263889,66.11496417741937,74.59027778333332,80.43977591176473,77.94511056666668,70.30013228888889,62.56991193548388,53.73333331111111,49.06397845161291
Cook,,,,46.229910875,52.29569893548387,64.73055553333333,69.9234455483871,73.89503912903226,68.14950976470588,,,
Coos,14.986559258064519,17.40773807142857,26.663978483870974,,,,64.746212,65.5524193548387,57.93888883333334,43.900537677419344,28.070896035714295,26.52898548387097
Cumberland,24.02504880645161,24.693137280000002,35.987649647058824,41.733333366666656,50.96236561290322,59.623290533333346,62.9086020967742,64.25403225806453,59.02083330000001,47.48354780952381,37.005555533333336,35.489677580645164
Dakota,10.104838725806456,18.521645482758622,25.313171983870976,41.54544083333334,55.406363032258064,68.10564565454546,69.10945527419354,69.74663977419355,60.141351,48.24917120967742,25.18982486666666,14.182731612903224
Dallas,45.84754321774192,55.53476060344825,54.6731380483871,65.53479480833336,79.03726255645168,80.56486189075626,85.31093674193548,81.15937225619838,75.25354721666669,67.89884238541667,55.708272944444445,51.915562784946246
Davis,,,,,,,78.24731691666666,76.08467732258065,62.61111113333334,52.09543016129032,41.598611133333335,32.6319445
DeKalb,34.221304086021505,39.33812262068965,42.23313074193548,54.48981477777776,66.57816769892469,73.99530993333332,75.26144999999998,74.51710075268818,67.64859095555555,57.38318140860216,43.8960145,40.77991732258065
Dearborn,28.176075258064518,33.051724241379304,37.11962361290323,50.713888833333336,63.837683178571424,71.34722216666667,72.57526883870968,74.29803641935484,64.7680556,55.76478490322581,38.270833333333336,37.62634416129031
Denali ,-5.079301064516129,4.601150444444444,18.34775167741935,29.3057971,43.25631141935484,52.31624399999999,54.29768580645162,47.20365829032258,36.68948173333333,10.787634354838708,8.186111133333336,-0.8230392580645162
Denton,44.36996277586207,54.35051224137931,54.16416179032258,65.71168015254237,79.88952191935485,83.22571357627119,87.48951067213117,82.52832185483872,75.45534421666667,67.98509824193549,57.945561686274516,51.523489000000005
Denver,29.40412180645162,37.895344,38.654005032258056,51.1277357,60.413679193548376,70.54079198888891,74.64405272043008,72.26087132258066,61.6194243111111,52.35267651612904,40.267120455555556,36.62590165591398
District of Columbia,33.06720438709677,37.55172410344828,41.83064516129032,56.045833266666676,62.5161874516129,75.20734113333334,75.77304141935484,75.31048383870969,69.32083336666666,58.44384061290322,43.390277833333336,42.18413974193549
Dona Ana,45.45314738461538,53.11729580740741,53.865927422043015,63.67559523809522,76.6360406889401,81.08201493643031,81.09205582991201,77.04493870048312,70.8951749523809,63.51032782227488,51.95957402506262,45.62391775806453
Door,,,,38.147253875000004,48.181451645161296,58.782449500000006,63.558993,67.42607529032257,59.7160024,47.084826199999995,31.144345214285718,25.723118258064513
Douglas,6.655914032258063,15.387931034482758,21.830645096774195,35.01017743333333,44.61063051612903,55.78749993333334,61.0025059090909,,,,,
Duchesne,24.575268806451618,28.738505689655163,41.12634403225807,48.61111113333334,59.31889900000001,69.53888899999998,75.89545351612904,73.37768819354838,60.026388866666665,57.651960882352945,35.945652217391306,26.517473129032258
East Baton Rouge,52.017156882352936,54.14442356140351,56.423387048387106,65.77125001666667,77.23870911290322,78.45189401666669,81.51865727868852,79.08143941935482,75.81458338333333,67.6760751935484,60.000694400000015,55.62121483870967
Ector,,,,74.60576900000001,,,,,,,,
Edmonson,32.75715077419355,37.68390803448276,41.02108037931035,52.920833333333334,67.3157005,70.9833333,72.00672038709678,72.25806445161291,64.04027776666666,55.432726774193554,41.653174533333335,40.57526880645161
El Dorado,40.13163274193548,41.602020236363636,43.4334678064516,48.8298611,54.756960451612905,66.03864840000001,75.16101688172046,73.45971637634408,64.67546295555556,54.44942466666666,44.757638933333325,40.45631716129033
El Paso,39.78075383333331,46.19859132191776,45.8769711646342,54.26041144240842,66.0869882699229,71.80619087012985,73.99582239402177,71.01081559029653,62.6485259482759,54.91589325690606,44.71211473055556,40.38192463089004
Ellis,43.943964131868135,53.924117988505756,53.38450360465116,64.79344786885247,73.22858983529413,82.05456041269842,85.05303991397854,81.42134278571429,74.44133071666667,66.94378440677967,53.0556178,46.980110365853655
Erie,23.480813419354835,24.608836189655175,30.000751620967744,41.7034472,55.07370556451612,67.8710431416667,69.45720341803279,71.2320009435484,62.915624975,52.68243340336134,36.03958330833334,34.08285121774195
Essex,21.595961370967746,23.052442482758632,29.535743516129035,41.72961958333333,54.35165439423076,66.10053193103448,69.23596116393442,69.09058200000001,61.27135694999999,49.55982681300814,36.089653283333334,34.93752444354839
Fairfield,29.578672870967736,31.374701598214283,36.437294336363635,48.57592262416107,57.43202487096775,68.06775808000002,70.5585207635135,71.9478665483871,65.3286536549296,54.55211999999999,41.181666673333325,39.41688872258064
Flathead,17.078073838709674,21.366854137931035,26.773433806451614,40.04765043333334,44.05126648387097,56.244444400000006,63.95086383870967,59.14212241935484,49.186742466666665,38.638808161290335,25.599094233333336,19.5685484516129
Florence,9.639484516129032,14.935344793103447,21.552419354838705,35.079468633333335,49.975806451612904,62.342572533333325,62.61424732258065,66.08682793548387,55.47605362068966,43.608870903225814,26.790740733333333,18.69758067741935
Floyd,30.921594935483878,35.62470841379311,39.51922625806451,52.12577331818181,66.7321956989247,72.72431217777778,73.7316308064516,74.97556713978496,66.39722227777781,57.32937898924735,40.580434811111104,39.17367221505376
Forsyth,,,,,,,75.30312067741936,72.87231187096774,67.22499990000001,58.14112906451613,43.98472223333333,43.20698925806452
Franklin,18.351390741935486,20.905172448275863,29.24462364516129,42.011292299999994,52.601424580645165,63.6480677,66.28868638709677,66.77150532258064,58.9361111,45.449392322580636,32.913262833333334,30.505376387096774
Fremont,32.62295461290323,39.965517344827575,40.288744774193546,52.154166700000005,63.48118277419355,70.17083329999998,74.39516122580645,71.18548390322582,62.24426329999999,53.719086000000004,42.968055533333334,41.25925944444444
Fresno,46.98010483035716,50.56969499074075,52.867987419354854,59.349622330434805,63.837256483870945,71.35498186666663,78.68377452419351,76.74026012903228,67.72500001666668,62.528022172043045,53.29608161111113,48.78162653571429
Galveston,55.13342422580646,57.91490382758621,58.57724432142857,67.8778317118644,77.83465169230769,82.0840888846154,85.42906666666664,80.80912626923077,78.11583248275863,71.75502658064516,64.84025967241378,58.97356257377051
Genesee,22.896505419354835,25.303160931034476,29.665322548387092,43.29345239999999,55.98790319354839,69.5763889,69.89650532258065,71.86021506451611,62.66527789999999,51.635752677419354,34.73888893333333,30.57258067741935
Gibson,30.020833306451618,36.05440175862069,39.36003527419355,52.593452400000004,68.601439,75.02113525000001,75.73084557407407,76.19070856451613,66.92173545,58.00522969354839,40.19734849999999,37.773521548387095
Glacier,11.557795677419355,23.86278737931034,21.5235215,40.202083316666666,41.81115590322581,55.73725845,61.59543012903226,62.679435451612896,48.07083338333333,40.11132538709678,19.701539899999997,13.92698108064516
Glenn,47.09946238709677,52.4840648275862,56.39487829032259,60.8486111,67.03494629032258,75.01527776666666,79.86962367741936,77.51752333333334,71.04722223333331,63.192204290322586,54.44607486666667,49.37231187096774
Graves,33.61962364516128,38.77729886206897,41.31083454838709,53.66975307407407,70.20736285714285,73.96432023333334,75.23514485185186,75.46826787096775,66.09305553333334,57.41045551612903,42.63587855172414,43.8143939090909
Gregg,46.045170999999996,53.555928321428574,53.77016125806451,64.26642519999999,77.19489254838709,78.61538996666667,83.05202103333333,79.71680696774192,73.99408213333332,66.98450567741936,55.51473127586207,52.508620586206895
Guernsey,29.979838709677423,33.564655172413794,38.72580654838709,50.69662110714285,60.56839585714285,73.3986111,73.08136382142857,74.17130993548386,65.3124396,55.95526106451614,38.731582100000004,37.70512819230768
Hamilton,16.00928641935484,18.139441655172416,25.211013161290314,38.24764496666667,49.71370961290323,62.36984123333333,63.24643525806452,64.05103274193549,56.43164253333334,44.06582126666667,28.90116003333333,28.013208225806448
Hampden,25.771761430107524,28.34099616091954,33.88267542105263,47.866675120689656,58.4866038241758,69.82714565277777,71.89110567741938,72.50470430645159,64.26240944999999,52.138908883720916,38.070370366666666,36.12500888172043
Hampshire,23.757830741935482,25.326345750000005,,,,,66.84357028571428,68.13575264516129,60.44583336666666,49.47405329032258,35.4781401,33.40252451612903
Hancock,19.935483838709683,23.55897055172414,29.577956870967757,41.51189170731707,48.699976564516135,59.31491543333333,62.09808490196078,63.30031551612904,54.38492064285714,46.39077835483871,34.40495166666666,33.38996029032258
Harford,30.717040645161294,34.87848931034483,39.09946241935483,52.861292283333334,59.80174730645162,72.10489676666666,73.24030338709679,72.53037633870967,66.87973053333333,55.03732888709678,40.9666667,40.258064483870974
Harris,53.508594988452664,58.2811103156566,58.41869320199501,68.33289967183458,79.20872874866302,81.60980795530732,85.09715444354836,81.52677897289976,78.24698489855068,71.5563650621469,63.361779780000035,58.94200576774192
Hartford,27.083418333333327,30.186037809523803,35.239269459770114,48.478421831460665,57.59485983870965,69.07643098888892,71.64655118867923,70.73655916129032,62.5555556,51.911611758064524,38.483423933333334,37.09177770967742
Hawaii,59.12903229032258,56.211218310344826,57.30559632258064,60.16249996666667,62.30510748387097,62.329166699999995,62.2594806,63.350806451612904,62.45366163333333,62.31597712903226,60.58712116666667,58.44305964516129
Herkimer,14.840175935483867,17.438655655172415,24.903167387096772,37.44921506666666,49.504032225806455,62.683333366666666,62.55025712903225,63.98790329032258,56.90555556666666,44.348611199999986,27.885119033333343,28.638620000000007
Hidalgo,,,,,,,,,,,68.98097824999999,62.09997807272727
Huron,21.83870964516129,22.30172413793104,26.72311825806452,38.21249999999999,49.405914064516125,61.0180556,65.56182793548388,67.61827967741935,61.476388899999996,49.78383593548387,34.047413827586205,30.081091419354838
Iberville,52.11734451612903,54.696839103448276,57.20956051612903,65.40138883333333,76.34402758064516,76.9406566,81.12749609677421,79.04776096774192,76.15656566666667,68.13037632258064,60.41250003333333,57.27553761290323
Imperial,58.65376338709677,64.95833331034483,67.25672048387098,74.73888886666667,81.87500003225807,88.2458333,94.26075270967742,93.52150541935484,85.1527778,75.6545699032258,65.29722220000001,57.338709677419345
Inyo,57.1949786111111,64.52586206896552,70.05428935483872,78.52692227777779,86.66129035483871,97.51944446666666,105.08870961290322,102.8184315483871,91.93333336666666,77.69000483870968,65.68327303333332,57.1827956451613
Jasper,23.64271751612903,28.11063210344828,32.168712032258064,46.314613466666664,57.86275716129032,69.6577626,69.2580645483871,71.40303383870967,62.46666676666666,53.04167503225806,33.86597216666667,30.085449733333334
Jefferson,33.41053612412179,39.8456352093596,40.20921349769591,52.831878804761885,60.25680064648905,69.29191971538462,73.26432212158804,70.82807465822779,62.01119987046633,53.25351927540107,42.59102286494253,38.590701828804384
Jessamine,30.477150548387097,35.00574710344827,39.12999238709678,51.158333299999995,65.33736561290323,71.92166663333334,72.18682793548388,72.91104596774193,64.9777778,56.28494622580645,39.26388883333334,39.118279516129036
Josephine,43.47715048387097,48.54885062068965,51.11021503225807,,,,,,,52.63997918181819,48.556944433333335,43.111559161290316
Kalamazoo,23.75739246774194,26.283046017241382,31.09244866129032,44.75168648333333,57.35954303225806,69.73360508333333,69.40456988709677,72.16935487096775,62.66340585,51.59053714583334,34.24543645000001,30.8037634516129
Kenosha,,,,45.565909133333335,50.02150541935483,64.12753430232557,66.84970412903225,70.17697132258066,62.58926765555558,52.20918801538461,32.6467262,27.075988000000006
Kent,23.24529572580645,25.53320213793103,30.64180108064516,43.353332244444445,50.331003569892474,69.18443292592589,59.339473694736846,71.30371821311473,63.672369008403386,52.02575277419352,35.440530288888894,32.08467739784947
Kern,48.675541806451626,54.50871094396552,58.2087120846774,64.79736143037972,71.42230266532259,79.94353459999994,80.43078169635626,85.16930464372469,75.94955808750001,65.01817252016129,55.49783095378156,49.88336965991904
King,,,,50.88181816666667,52.09535038709677,59.13195306666667,66.54099461290323,64.42646877419355,56.86850487777776,50.82639858064516,43.34940474444445,39.338878419354835
Kings,46.32526880645161,52.81334893103449,56.33333335483871,62.495833366666666,68.60940864516128,74.6347222,78.71085854545454,,,57.47156842857143,52.93611116666666,48.141129032258064
Klamath,31.645161290322587,35.379310310344835,39.74596777419355,,,,,,,45.779569967741935,38.226388933333325,34.30645158064517
Knox,28.064516161290317,34.18821834482759,37.82928816129032,51.22519843333334,65.87365590322581,73.52727273333335,74.03091403225805,74.93509987096775,65.45000003333334,56.29273141935484,39.01111116666666,36.10618287096774
Koochiching,-4.027407677419355,8.23094694827586,16.129175677419358,28.830689148148146,46.097776258064506,,66.6451612580645,68.7364156451613,57.19820263333334,43.598607032258066,20.237500033333337,8.991935548387097
LaPorte,24.244064177419354,27.98421698275862,31.155374758064518,44.451358633333335,55.210023737704915,66.63533472413793,67.94979070967742,71.22327704918031,62.51273148333333,53.193497854838725,35.1991850862069,29.54151054098361
Lake,31.805582639999994,36.13059795927602,41.42146587179487,48.65363170857141,54.82776232535885,65.18595192436977,71.11548881854839,71.85619009623433,63.25587367083332,52.83006747154472,40.42787752916669,35.549527603238865
Larimer,24.30651008064516,29.454156192982456,31.630937916666664,42.02897528333333,52.06428233870968,61.345833233333344,65.6990625483871,63.41666664516129,53.37522145,44.99178938709678,34.48928138333334,28.408122161290322
Lawrence,30.228494709677413,34.44683917241379,38.3693314516129,52.10555546666668,63.63306454838709,70.59472223333333,71.32054529032258,71.49205770967741,63.736111222222206,54.12768809677419,38.00138896666666,39.4596774516129
Lenawee,23.618055599999998,25.935344862068966,30.86021506451613,44.987500000000004,57.239247258064516,70.37777776666667,70.37520524137932,71.8548387419355,63.1388889,51.9164855,34.0291667,30.673387096774192
Lewis and Clark,14.368503569892475,23.44252178235294,25.93862005913978,45.08634256666666,47.47804659677419,61.95393517777773,68.87634408602148,67.80645159677421,55.25667555555552,44.71390168663594,25.49384919047618,19.258064516129036
Litchfield,,28.725922217391307,40.10833335,43.702546266666666,53.639784935483874,65.29027773333334,66.5794233548387,66.76209677419355,59.386111166666666,48.29569883870969,34.50972223333334,32.2825269032258
Livingston,34.41263438709678,31.85277766666666,49.4782052,54.968055500000006,68.77160488888889,74.7337605,75.64241464516128,75.93497336842104,67.1874999,58.278225806451616,43.21527776666667,41.47177422580645
Los Angeles,56.540712198924744,58.20463879310348,58.6729158817204,64.50874600000004,66.32507165384618,69.34972528888888,72.33451669101127,74.3552741111111,70.19472221333335,63.15945627388535,59.285683227272735,56.60331109944753
Macomb,23.34274190322581,24.945812827586213,28.759408516129035,42.96527786666665,55.404569774193554,68.26111110000001,68.4449405,70.61419751851852,62.3194444,51.272323451612905,36.39999993333334,31.530302935483878
Madison,21.353539053571428,23.53820536206896,28.281715389830516,43.31798894736843,52.083298950819675,63.470828583333336,62.901768590163925,62.83551224193548,56.11871443636363,47.50898696078431,31.665978799999998,32.084237516129036
Manitowoc,,,,40.1473190625,48.30645164516128,58.9638889,63.10752699999998,66.23521503225807,59.20555556666667,47.76494111111111,30.093055533333338,24.749999967741935
Marathon,10.994623677419353,16.706896551724135,23.361559129032255,38.92222226666666,52.4673329032258,64.65416666666667,65.26420051612904,67.56942822580645,58.07407403333333,46.5174730967742,25.252575800000002,18.19086025806451
Marion,25.944892548387095,31.48132172413793,36.4395160967742,50.619949466666654,63.33602135483872,74.26286230000001,74.80241935483872,76.93682796774195,66.73472226666667,56.0067204516129,38.24843317391304,36.0311786923077
Mariposa,41.5235215,42.16163793103448,44.415017161290315,49.8974951,55.23394414754098,64.04132926315789,69.59274196774194,66.7081315,58.87708335,49.54263620967741,44.99738560000001,40.59139793548386
Marquette,15.779569967741933,16.66179413793104,22.59408593548387,33.20833326666667,44.37634406451613,56.679166699999996,60.198924741935485,65.53897854838709,57.043055566666666,45.841781935483866,30.233333300000005,23.586021548387095
Mason,21.237903225806452,23.577586137931036,27.912634483870963,39.8166667,52.935483870967744,64.48666663333333,65.33198929032258,69.00537641935483,60.4555556,49.29973116129032,33.75972216666667,28.44758067741935
McKenzie,5.155914032258066,22.09908964285714,19.041844580645165,40.993045483333326,50.85277180645162,65.99808429310345,69.69495091935484,73.4522849516129,56.03055555,43.18700322580645,17.86597223333333,10.44959670967742
McLean,32.838008483870965,37.97126434482759,41.29999993333334,54.1083333,69.66287877419354,74.9604762962963,75.56317203225807,76.1489331935484,67.04999993333334,58.99865593548387,42.44999996666666,40.24596764516129
Mecklenburg,38.52822583870968,44.56771617241379,46.85892951612902,58.75972226666667,69.16801087096775,75.29305559999999,77.17876341935484,74.35478029032258,68.9500817,58.96370967741936,45.98472223333333,45.20951816129032
Merced,47.71370970967742,56.20340722413794,58.62634408064516,62.91224817391304,67.24193548387096,74.7583334,82.43145158064516,79.1030338064516,70.8488636,61.24596764516129,52.538377133333334,49.433871
Mercer,1.9838709354838724,17.856321896551727,17.61155909677419,36.11111113333333,50.541544387096785,67.46650775,68.8982877903226,71.27602632258063,55.85138893333332,43.125467516129035,17.498611166666667,6.639784935483868
Mesa,29.945131516129035,39.486131965517245,45.16397848387097,53.31262626666667,66.00134406451613,74.19722223333333,80.14784951612903,78.06989238709679,63.687499933333335,51.958088967741936,40.497222133333345,32.41666667741935
Miami-Dade,62.393678206896546,60.70563768,66.125,71.47983090000001,76.67078181481482,78.36045784000001,81.49281212903225,79.35132434482759,79.48783639285715,75.97031316129033,71.0919686,65.82486506451613
Middlesex,27.53091403225806,29.017113071428575,34.75652779999999,48.105890810344825,57.27816737096774,67.81788393258431,70.45319075268814,70.65273589130436,63.9239734,51.82258064516129,38.575570916666656,37.54935130645161
Milwaukee,20.459518795698926,24.039203632183913,30.267473096774197,43.588939590163925,52.24518574838711,65.52547619333336,68.74817674193548,71.59633430322577,63.76888889333334,53.50212577551019,33.985495741176464,28.71082951612903
Monroe,24.276414258064513,25.348076,30.131755548387098,43.1802536,55.947755967741934,68.4111112,69.92357074193549,70.55913977419354,62.82916673333333,51.72638883333333,35.75138883333334,34.92741929032258
Montezuma,30.795582,37.51779242857142,39.70862548387097,47.418176366666664,62.15322580645161,68.72361106666668,72.91601851612903,68.7788598064516,57.55277903333334,48.635752677419354,38.45694446666666,30.774193483870974
Multnomah,38.3597748,39.80739439436619,45.23987842580645,,,,67.0441104580645,65.43527351612903,57.243739363013724,50.39409477419355,43.33698998333334,39.29939516935486
Muskegon,22.75134406451613,24.64798851724138,40.80416667857143,40.839285749999995,53.49731183870968,63.60798551724138,64.13172041935485,68.74635870967742,60.04467536666667,49.49865590322581,35.09722229999999,29.956989290322575
Nassau,30.614247354838703,33.2097701724138,37.12634416129032,49.426992766666665,58.24462361290323,69.22499996666667,72.06720425806452,72.24327945161292,66.73194446666666,55.329166666666666,41.97777783333333,40.42741922580646
Nevada,41.31021496774195,42.27931037931034,44.95564509677419,48.98109903333334,54.18817206451613,65.0541667,73.57624625806453,73.62365587096775,63.645833233333335,54.19354841935483,,
New Haven,29.591077629032256,31.34502924561404,36.5052672264151,49.66911760000001,58.43010748387096,68.84492759999998,71.69086029032258,72.53629035483871,66.05,53.52419356451613,40.161574050000006,38.726858322580654
New London,29.72177419354839,30.244877482758618,34.90188174193548,45.552777799999994,53.793010774193554,63.104166666666664,67.3704300967742,67.88172048387098,63.7069445,54.474495000000005,41.63750003333333,39.95202203225807
Niagara,23.63306454838709,24.86781603448276,29.749999935483874,41.63363526666667,55.03529687096774,67.3305556,68.702957,70.19086012903227,61.931944400000006,51.87500006666666,35.96527773333334,33.70295699999999
Nueces,58.241960724637686,59.726399153846174,60.7334808666667,68.91226080508473,78.99729348314601,82.63690953947369,84.38957593442623,83.29766943859649,80.76692950847453,75.54370434426231,67.7686116724138,61.35199916129032
Oakland,24.782258064516128,26.63649427586207,31.20161290322581,45.05688406666666,57.39247316129032,71.22422789285714,71.0304380967742,73.58091776666667,64.0902777,52.568548387096776,35.441666633333334,32.13709683870967
Onondaga,22.70967738709678,25.431034448275863,30.84893635483871,43.65935986666667,56.11021509677419,69.30833323333334,70.26075277419353,71.00000009677419,63.07258449999999,51.43333333333333,35.048611133333324,35.108021903225804
Orange,54.98387093548387,56.98082205172415,58.57842448387097,66.28896598245613,72.31837359677418,74.96944443333332,77.88878138709681,77.39265377419355,74.01966121666668,66.93266209677418,61.99922593333334,60.01836220689655
Ottawa,22.803763419354834,25.143678103448273,30.16397841935484,43.05833333333333,56.19758070967742,67.95138896666666,68.06317206451612,71.77956993548386,62.72777766666668,51.24999996774194,34.354166666666664,29.74327958064517
Oxford,16.61380108064516,18.5493190862069,27.400327725806456,39.819940466666665,51.0933319516129,62.62264365000001,64.81431961290322,64.951496,57.43532611666667,43.625683333333335,31.5512187,28.34155651612903
Ozaukee,,,,46.155429266666665,50.838709741935475,62.80624999999999,66.86372133870968,68.9330002419355,62.20625,52.7686966111111,30.704339200000003,25.33128183870968
Park,20.255376387096778,24.353448241379315,28.331112645161284,39.90972223333334,44.568548354838704,60.07500006666666,66.9959677096774,65.46774203225806,52.43472220000001,42.87499983870969,32.4541666,24.823924741935482
Paulding,,,,57.8953502,70.62601770967743,74.05363526666666,75.4648914516129,74.62129487096774,67.9063472,,,
Penobscot,16.84529567741935,20.389367862068966,28.017473096774197,41.91360542857143,51.04068214285714,63.22736796428571,65.49352393548388,66.22580654838708,57.2455555,44.391129129032244,32.351851800000006,30.265457032258062
Philadelphia,31.95295693548387,38.54885058620689,42.93016412903226,53.551570000000005,60.36366296774193,72.4574879,73.89801351612903,73.80376348387097,67.41827696666665,57.14650541935484,43.05694449999999,41.7325269032258
Pierce,35.13188403225807,37.877471517241375,41.683876733333335,47.94678061666666,49.30139669354839,56.470863516666675,63.702259951612895,61.84057972580645,53.924305600000004,48.0479849032258,40.694907089285714,37.07392472580645
Pima,54.24431035802472,59.05540933507854,61.72694517972352,69.7791941142857,80.26351070506908,89.08253969047621,88.40672655675678,86.13408229281765,78.60589179333329,71.03228252903227,61.61739883221475,53.68205940000002
Pitkin,22.409128096774193,27.329023,31.64381725806451,38.9847223,52.83113393548387,58.83888893333333,63.87500006451612,62.48912512903227,49.167140125,42.75520829166667,,
Placer,47.62365590322581,53.56867820689656,56.27245416129033,60.71944443333334,66.05816341935484,74.47777783333332,81.17531774193549,79.17025162499999,70.83222226666666,62.352150612903216,53.015972283333326,49.57447990322581
Porter,24.16061825806452,28.335488499999997,31.2417065,44.71588715,55.266140032258065,66.97195051666667,68.4685483548387,71.59172369354839,63.00277773333334,53.31382890322581,35.700555533333336,29.706989258064517
Posey,46.49516125806453,123.98840628571429,124.2083335,122.8955021875,123.24674473076922,123.26524553333333,76.5833333125,77.09085830769232,,,40.9535087368421,39.89112900000001
Prince George's,,,,55.552053099999995,62.71027779999999,74.9472223,75.55376348387097,74.65960729032258,68.8818237,57.37634403225807,,
Providence,30.76344083870968,31.965517206896553,37.22580651612903,50.15833336666666,59.0389785483871,70.47714640000001,72.66801067741935,72.17473122580644,65.29305556666667,54.78862780645161,40.8972222,40.548387161290314
Prowers,27.561301935483876,35.23669406896552,38.70161299999999,54.2486111,63.88440861290322,72.44412526666666,75.10483870967742,72.71048383870968,63.97460323333333,53.99792280645161,37.643055466666674,31.819892451612905
Putnam,23.22616777419354,26.58561968965517,31.985624129032264,46.11414766666667,55.266674419354835,65.8238252,67.91610351612903,68.367472,61.11358693333332,49.90250329999999,36.29664033333333,34.522728300000004
Racine,21.310483838709683,23.754310310344827,28.72177416129032,40.56805563333332,50.287634419354845,62.67638886666667,67.52485687096774,70.84139780645162,63.1583333,51.68951616129033,32.40555553333334,27.32526887096774
Rensselaer,18.641012064516126,21.28208642857143,27.245808290322586,41.309842933333336,51.39074125806451,63.994746400000004,65.08775187096775,65.9407972580645,57.454445533333335,46.13835093333332,31.095652199999996,29.978288967741932
Richmond,34.00975912903226,36.94396551724138,41.93215287096774,54.05175528571429,63.8918672,74.90833330000001,76.62555436666666,77.93279574193548,72.0305556,60.50000006666665,45.94027786666666,44.552611387096775
Riverside,55.23217625806452,57.47385186206897,57.36021503225807,64.62946853333334,66.6209678064516,71.5444444,77.75748848387096,77.90072961290322,71.5006944,64.7298847096774,60.10043593333334,54.932833741935475
Rockdale,40.21908609677419,44.85480748,47.73474748387097,58.64027763333334,71.81490403225807,75.4972222,78.28576445161289,76.26612903225806,70.2512077,59.55645164516129,48.962896833333325,45.17464151612903
Roosevelt,0.5349462258064519,20.033045896551723,20.73252693548387,42.4402778,50.60483864516129,65.09722229999998,67.93558861290325,70.0172288064516,54.91843433333334,48.5358974,,
Rosebud,15.856425690763055,28.031285439655154,25.95457889964161,45.4375164444444,48.57616227956988,66.24728163333334,71.09749920289853,73.75503222348492,57.60676471698115,45.496048032491004,24.177195266666644,19.159425695340484
Routt,16.143583419354837,19.124999965517237,29.280913935483873,39.21944443333334,51.661874741935485,58.46527776666666,64.55779574193548,62.64083687096774,51.105555566666666,39.404325419354834,28.525,20.53897851612903
Sacramento,47.70129398387096,53.49474918103449,55.88678995161288,60.519450483333316,65.15568537500003,72.6282407888889,78.4749346639344,76.78104500751877,69.10805559333333,62.43298657419352,54.27137679333333,50.337669445161254
Saint Louis,28.03607037419355,36.030747137931044,38.6784946,52.358774860000004,66.98895138311694,73.81128406666672,72.77599747027028,74.35009028260868,63.61041667222226,54.1747993064516,34.91205858888887,31.087744168478274
Salt Lake,,,43.976852,48.890810326086964,57.65725804838709,71.85763886666665,78.14717741935482,76.01881722580644,62.26666663333334,51.58198924193548,41.224305550000004,35.40994622580645
San Benito,47.60121812903227,50.889367896551725,51.57316503225805,57.09583323333334,61.35509370967742,67.42874396666666,73.97189112903226,72.31906038709677,64.26388893333333,59.163511,51.1574495,48.16123199999999
San Bernardino,51.20390454945055,30.23678614450867,55.09119153892219,63.41555954444443,67.1348566344086,71.16953704444441,80.37813622580649,79.94413956989247,72.23981482222223,63.857963817204286,56.8794283888889,51.442808064516136
San Diego,54.6430845806452,55.792844367816095,57.061845494623626,62.60009794444444,64.86990525268817,67.46839572777778,71.72956325405407,73.18064219230769,69.27462198013248,62.67613651612901,59.02189425555559,55.67982559740263
San Joaquin,47.70295697849463,52.74744568965516,55.32974909677419,60.7340488222222,65.96594987096772,72.3178451,78.47670252688174,76.65383517391302,69.36789822222221,62.26702508602152,54.456862788235306,49.81521739784945
San Juan,32.889784999999996,39.31013955172414,43.94804819354839,51.324396066666665,65.08093735483871,74.4760869,80.33141577777778,77.81586029032258,62.82222216666667,52.28360222580644,40.5111111,32.91801080645161
San Luis Obispo,54.97136675000001,55.00820285465116,58.55072476666667,62.219118266666676,63.12522402150539,64.91531176111114,67.67629927956993,67.29349845161288,64.45383896511626,63.38560462580647,60.55305557333332,58.34549854838706
San Miguel,20.337365580645162,26.3432034137931,29.038978580645157,36.3484903,50.04435477419356,55.1958333,60.16801070967742,57.21943670967742,46.52083326666668,36.726417451612896,27.81250009999999,20.205645193548385
Santa Barbara,55.198902359637756,56.1804494504249,55.53384941935477,60.68837633333337,61.06855311398968,61.13162148567534,62.57186643450057,63.963881767833946,62.91567090604021,60.588882806579,58.752515576271165,55.61361512431697
Sauk,,,,,,,66.1945185882353,67.05657377419355,58.89999996666667,48.06317206451613,27.28194446666667,24.9708333
Schenectady,17.67841280645161,22.045976965517237,28.573924677419352,42.51908209999999,53.55779574193548,65.71944446666666,67.34442980645161,68.38978490322582,63.2013889,50.53333326666667,36.183333366666666,34.53440864516128
Sevier,33.634046258064515,34.73994244827586,37.32559533333333,48.31052743333334,55.957487290909086,61.02001814999999,62.13861616129032,61.82079825423729,55.284640355932204,50.18036414516129,40.782608733333326,40.060483935483866
Shasta,33.369552935483874,35.082512379310344,36.609932096774195,39.870833366666666,45.09550916129032,55.73848629999999,64.4136195483871,63.29946225806452,52.871944466666676,44.53372435483871,38.37518741379311,34.24807051724139
Sheboygan,,,,41.88888900000001,48.59274190322581,60.2430556,64.94220429032258,67.69995133333333,61.0152778,48.67361116666667,31.230952400000003,25.66404925806452
Silver Bow,,27.435606227272725,29.137820516129036,41.38611116666666,45.19086025806452,60.493055500000004,68.3051075483871,63.29296467857143,51.118867190476195,41.77553758064517,30.622222200000003,22.336206827586206
Simpson,39.79569887096774,44.56609196551724,48.02419351612904,61.19768523333333,77.53583336,81.3728171,83.06661987096774,83.36109167741935,74.63611113333333,65.77956983870969,49.04305553333334,48.14784941935484
Skagit,,38.125,42.57333599999999,49.20289856521739,49.37903229032258,58.42620924999999,65.06071761290322,62.93010751612904,54.57572463333334,49.370169125,39.58197677777778,32.48916560714286
Skamania,,,,,,,,,,,45.82473889999999,40.00218596666666
Smith,46.29656792,52.67203903448275,52.616956354838706,63.85225393333334,77.38264546774192,79.07418000000001,82.87371437096775,79.24723388709678,72.51595576666666,65.50034546774194,54.27291668333333,49.87407929508197
Somerset,17.087365602150534,20.492816034482765,29.041013817204302,41.781944333333335,52.020161290322584,63.631944399999995,66.09543009677418,66.2421275483871,58.73397434615385,44.858900580645155,32.87058076666667,30.232526838709678
Spencer,31.701612838709675,37.22844827586207,39.806451645161296,53.37500000000001,68.63440851612903,74.86388886666667,75.11021500000001,72.40360734782608,62.67361113333333,54.79032264516128,40.80841273333333,36.25806451612903
Spokane,,,,48.63635693333333,51.90947874193549,62.767587461538454,72.62990311290324,69.48249767741936,57.51005441666666,46.62032229032257,34.49780798333333,27.758152145161297
St. Clair,22.720430145161284,24.25933906896552,28.392267564516132,38.23611111666666,54.80973670491803,68.30374391666668,69.04973120967742,71.13776877419353,63.40277785,52.39180108064516,36.13055550000001,32.18884406451613
St. Joseph,23.266128967741935,27.126436758620684,31.217741935483872,44.54388889999999,57.00728953333333,68.5561466,68.1424730967742,71.01344080645161,61.883333233333346,52.07487635483872,33.64498786666666,29.041666677419354
Stanislaus,48.522849483870964,54.1149425862069,57.72446235483872,63.065277866666655,68.2081063548387,75.08472226666667,82.11290319354839,80.00940861290323,71.72757933333334,63.458333290322585,54.715277699999994,50.13210451612902
Suffolk,30.69892480645161,32.29310348275862,38.530913935483866,50.949999999999996,61.01209677419355,72.0222222,75.88610335483871,75.42069887096775,66.33194449999999,55.88172038709677,42.2430556,40.98118290322579
Sutter,48.28629030645161,53.9166667413793,56.92678842622951,61.52092668333333,66.82661290322581,74.76597221666667,79.91801072580647,78.03440134426233,70.38410898333333,62.983687677419354,54.91111106666667,50.60618280645161
Tarrant,43.27322106081081,53.60839200840336,53.41440873648652,64.80032686486486,79.39356624516125,82.87425098611111,86.24667347945203,81.50200855284558,75.37673644210527,67.63075061956523,56.434882023809486,50.80238039784947
Tehama,,,,,62.71236564516129,73.29067450000001,82.1303763548387,81.70190506451614,71.6263889,61.44758058064516,,
Teton,10.486192548387097,12.8543625862069,21.50672051612903,29.01403516666666,35.16091783870967,48.89160616666666,58.22774551612903,56.61241241935483,43.93931166666666,34.980433,24.53116463333333,17.1190724516129
Thurston,,,,55.571428499999996,51.88057180645162,58.44722216666667,66.10240327586207,64.53836758064516,56.62777773333334,50.025048967741924,42.66641416666667,38.717864161290315
Tippecanoe,24.812595967741935,30.412356275862077,34.379032225806455,42.75,,,,,,,,
Tolland,27.801423740740734,28.878498275862068,36.23423248148147,,,,,,,50.920571875,38.55416666666667,37.133294935483875
Tooele,,,,,,,78.16249995000001,75.96505377419355,63.48749996666667,52.701612935483865,41.8972222,35.49059138709678
Travis,50.0842316021505,57.58147490588234,56.00492832258063,67.76131241111112,79.35935969892469,82.25911653333334,86.19779220430112,82.03990703703708,76.50052467777775,69.44365951111111,58.92012672222221,53.770221440860226
Trimble,29.28897848387097,34.206896551724135,38.60215051612903,51.30972226666667,65.53975033333333,72.35,73.62365590322581,75.62634409677419,66.35833336666666,57.334677387096775,39.584722299999996,38.03494629032258
Tulare,43.403913838709684,45.884331172413795,48.58333341935484,54.08472216666667,59.72054695161291,68.16388888333333,75.52185793442627,75.11851990163936,68.04549389361702,56.02271175806452,48.311038016666664,44.39320506557377
Tuolumne,44.09206988709678,46.39454024137931,48.516320983870976,53.956250033333326,58.96034948387096,68.16875,77.19220432258064,75.12440831578948,66.08611106666667,55.99485348387096,48.37013885,45.23159722916666
Uintah,,26.9833334,37.64858258064516,45.322222233333335,55.826612935483865,66.52638876666667,72.74131774193548,71.93001187096776,59.68055556666666,58.17892158823528,36.90555556666666,28.46908593548388
Ulster,21.301075274193547,22.595545965517243,28.872006354838714,41.638164266666664,51.55344206451613,64.00916664,63.468749928571434,64.22481837096772,57.44725249999999,46.43194448333334,31.91180556666667,31.153225806451612
Umatilla,34.512274129032264,33.30010003448275,43.81586022580645,,,,,,,49.71505374193548,39.740277766666665,34.667877935483865
Union,32.22580648387096,33.169602758620684,42.13563577419355,,,,71.57947638709678,68.23924729032258,57.514015199999996,48.305107516129034,39.461111100000004,34.24596770967742
Van Buren,22.19915851612903,25.537356344827586,29.865224741935485,43.131815033333325,56.157013709677415,67.8938406,67.58602148387097,70.68449035483872,61.421618333333335,50.88575270967742,32.8902778,28.60483867741936
Vanderburgh,33.59811824193549,36.914753375,37.10932002325581,52.53362195555555,68.92040638181818,74.33630049999998,75.4156838387097,76.03696240322581,66.25694445,58.23387093548387,41.12638883333333,38.86021509677419
Ventura,54.93144229838707,56.57070508620689,56.61567524861875,62.57929382608698,62.963638371794865,65.62368272916667,69.38684062096769,70.56569619354845,66.87136862978723,62.27216986639674,59.914489673819745,55.69186076113363
Vermillion,25.211693516129035,30.939655172413794,35.40093835483871,49.479798033333324,62.090170661290315,71.89251478333335,72.69220432258064,73.9736275806452,64.44351555,55.37469977419355,36.445833300000004,32.805107500000005
Vernon,13.764784903225804,20.37356320689655,27.099462354838707,42.42222223333333,54.252688129032265,65.896229,66.65936186666667,68.65591396774194,59.82245489655172,51.53935188888889,24.50201294444445,19.25268822580645
Victoria,53.079023,58.34626437931034,58.770345,68.8333334,79.34348816129031,82.22083330000001,84.95028737931034,81.21014483870968,78.26111103333334,72.40322580645162,63.22361113333332,57.79569887096775
Vigo,26.271724532258062,32.16954025862069,36.898582612903226,50.97103175,64.39075611475411,73.29085135000001,74.16263443548387,75.87893632258064,65.90773814999999,56.367875822580636,37.72436593333334,34.289956000000004
Walworth,,,,,54.1597222,66.3833334,67.73194245161291,70.20430109677419,61.686111000000004,53.53921576470588,30.73405614285714,24.392473096774197
Warren,19.606474967741935,25.30316089655172,31.940860258064518,46.17715466666667,55.81121187096773,68.16249996666666,70.07123654838709,70.83333338461539,,,,
Washington,21.005952333333333,21.942528689655177,28.448348677419357,41.96164145652174,50.784332548387106,62.72795898333333,66.12926603225806,68.51881722580644,60.233333399999985,48.90776515,29.51488093333334,23.583333354838707
Waukesha,18.40389787096774,21.882936086206897,28.217010467741943,41.73625596666668,53.169354822580644,66.27085257627118,67.14919358064516,70.18759634042553,61.47499996666667,49.61155916129032,30.57638886666667,24.88306448387097
Wayne,27.90322580645161,32.57327582758621,35.076612935483865,48.91111106666667,60.59455361290322,70.475,70.83350870967742,71.9569892903226,63.64722210000001,54.04435487096774,36.35606056666666,34.67876351612903
Webb,,,,,,,,71.37196970000001,82.3044082,75.61749787096775,69.26350657692309,58.248846545454555
Westchester,27.969086032258065,30.900862137931036,35.83602151612903,49.527536133333335,58.522849451612906,68.85851653571429,71.34677412903227,71.9913510967742,64.86944443333333,53.17222216666667,40.0402778,38.630376387096774
White Pine,31.616065806451605,33.89130431034483,37.83870967741935,44.77363113333334,53.722007903225816,67.63611110000001,73.40731648387097,71.88440861290323,58.6236111,47.52553764516129,37.70590059999999,33.11021503225807
Will,,,,,58.17499996666667,70.12638886666667,70.51720419354841,71.9764174516129,63.193055533333336,,,
Williams,-1.6814516451612898,15.366379344827584,15.979390709677423,35.50555550000001,48.88172035483872,63.340277799999996,64.93279577419355,68.98118277419356,53.00235506666668,39.755376322580645,15.037500066666668,3.7338709032258075
Worcester,23.926075225806457,25.062343827586204,31.721747612903222,44.05585753333334,54.210963,64.69999996666667,67.07754151612902,67.63446696774193,59.805917900000004,49.02477790322581,35.2430555,33.30011512903226
Yakima,,,,52.49166676666666,55.42378025806452,66.03194426666668,76.87365593548387,72.36712758064515,62.669444433333325,50.04061477419354,37.84718131578948,26.418010677419357
Yellowstone,16.148937820276494,28.91057619704434,28.056824912442416,47.54237279523806,50.37450743778799,67.28689615714288,72.35072603686635,73.22728365898618,58.08684747572815,46.218153901869165,25.59773983809525,20.265730856481497
Yolo,47.07930112903225,51.89798844827587,54.572405225806456,59.744444466666664,64.04569896774194,70.6950396,74.8494623548387,73.48585103225805,67.76388886666668,62.25672041935484,53.84583336666667,49.15341787096774
York,25.018817193548394,26.03398306896552,31.65467173333333,,,,,,,,,
